2.470800000000000000e+05
2.470810000000000000e+05
2.470820000000000000e+05
2.470830000000000000e+05
2.470840000000000000e+05
2.470850000000000000e+05
2.470860000000000000e+05
2.470870000000000000e+05
2.470880000000000000e+05
2.470890000000000000e+05
2.470900000000000000e+05
2.470910000000000000e+05
2.470920000000000000e+05
2.470930000000000000e+05
2.470940000000000000e+05
2.470950000000000000e+05
2.470960000000000000e+05
2.470970000000000000e+05
2.470980000000000000e+05
2.470990000000000000e+05
2.471000000000000000e+05
2.471010000000000000e+05
2.471020000000000000e+05
2.471030000000000000e+05
2.471040000000000000e+05
2.471050000000000000e+05
2.471060000000000000e+05
2.471070000000000000e+05
2.471080000000000000e+05
2.471090000000000000e+05
2.471100000000000000e+05
2.471110000000000000e+05
2.471120000000000000e+05
2.471130000000000000e+05
2.471140000000000000e+05
2.471150000000000000e+05
2.471160000000000000e+05
2.471170000000000000e+05
2.471180000000000000e+05
2.471190000000000000e+05
2.471200000000000000e+05
2.471210000000000000e+05
2.471220000000000000e+05
2.471230000000000000e+05
2.471240000000000000e+05
2.471250000000000000e+05
2.471260000000000000e+05
2.471270000000000000e+05
2.471280000000000000e+05
2.471290000000000000e+05
2.471300000000000000e+05
2.471310000000000000e+05
2.471320000000000000e+05
2.471330000000000000e+05
2.471340000000000000e+05
2.471350000000000000e+05
2.471360000000000000e+05
2.471370000000000000e+05
2.471380000000000000e+05
2.471390000000000000e+05
2.471400000000000000e+05
2.471410000000000000e+05
2.471420000000000000e+05
2.471430000000000000e+05
2.471440000000000000e+05
2.471450000000000000e+05
2.471460000000000000e+05
2.471470000000000000e+05
2.471480000000000000e+05
2.471490000000000000e+05
2.471500000000000000e+05
2.471510000000000000e+05
2.471520000000000000e+05
2.471530000000000000e+05
2.471540000000000000e+05
2.471550000000000000e+05
2.471560000000000000e+05
2.471570000000000000e+05
2.471580000000000000e+05
2.471590000000000000e+05
2.471600000000000000e+05
2.471610000000000000e+05
2.471620000000000000e+05
2.471630000000000000e+05
2.471640000000000000e+05
2.471650000000000000e+05
2.471660000000000000e+05
2.471670000000000000e+05
2.471680000000000000e+05
2.471690000000000000e+05
2.471700000000000000e+05
2.471710000000000000e+05
2.471720000000000000e+05
2.471730000000000000e+05
2.471740000000000000e+05
2.471750000000000000e+05
2.471760000000000000e+05
2.471770000000000000e+05
2.471780000000000000e+05
2.471790000000000000e+05
2.471800000000000000e+05
2.471810000000000000e+05
2.471820000000000000e+05
2.471830000000000000e+05
2.471840000000000000e+05
2.471850000000000000e+05
2.471860000000000000e+05
2.471870000000000000e+05
2.471880000000000000e+05
2.471890000000000000e+05
2.471900000000000000e+05
2.471910000000000000e+05
2.471920000000000000e+05
2.471930000000000000e+05
2.471940000000000000e+05
2.471950000000000000e+05
2.471960000000000000e+05
2.471970000000000000e+05
2.471980000000000000e+05
2.471990000000000000e+05
2.472000000000000000e+05
2.472010000000000000e+05
2.472020000000000000e+05
2.472030000000000000e+05
2.472040000000000000e+05
2.472050000000000000e+05
2.472060000000000000e+05
2.472070000000000000e+05
2.472080000000000000e+05
2.472090000000000000e+05
2.472100000000000000e+05
2.472110000000000000e+05
2.472120000000000000e+05
2.472130000000000000e+05
2.472140000000000000e+05
2.472150000000000000e+05
2.472160000000000000e+05
2.472170000000000000e+05
2.472180000000000000e+05
2.472190000000000000e+05
2.472200000000000000e+05
2.472210000000000000e+05
2.472220000000000000e+05
2.472230000000000000e+05
2.472240000000000000e+05
2.472250000000000000e+05
2.472260000000000000e+05
2.472270000000000000e+05
2.472280000000000000e+05
2.472290000000000000e+05
2.472300000000000000e+05
2.472310000000000000e+05
2.472320000000000000e+05
2.472330000000000000e+05
2.472340000000000000e+05
2.472350000000000000e+05
2.472360000000000000e+05
2.472370000000000000e+05
2.472380000000000000e+05
2.472390000000000000e+05
2.472400000000000000e+05
2.472410000000000000e+05
2.472420000000000000e+05
2.472430000000000000e+05
2.472440000000000000e+05
2.472450000000000000e+05
2.472460000000000000e+05
2.472470000000000000e+05
2.472480000000000000e+05
2.472490000000000000e+05
2.472500000000000000e+05
2.472510000000000000e+05
2.472520000000000000e+05
2.472530000000000000e+05
2.472540000000000000e+05
2.472550000000000000e+05
2.472560000000000000e+05
2.472570000000000000e+05
2.472580000000000000e+05
2.472590000000000000e+05
2.472600000000000000e+05
2.472610000000000000e+05
2.472620000000000000e+05
2.472630000000000000e+05
2.472640000000000000e+05
2.472650000000000000e+05
2.472660000000000000e+05
2.472670000000000000e+05
2.472680000000000000e+05
2.472690000000000000e+05
2.472700000000000000e+05
2.472710000000000000e+05
2.472720000000000000e+05
2.472730000000000000e+05
2.472740000000000000e+05
2.472750000000000000e+05
2.472770000000000000e+05
2.472780000000000000e+05
2.472790000000000000e+05
2.472800000000000000e+05
2.472810000000000000e+05
2.472820000000000000e+05
2.472830000000000000e+05
2.472840000000000000e+05
2.472850000000000000e+05
2.472860000000000000e+05
2.472870000000000000e+05
2.472880000000000000e+05
2.472890000000000000e+05
2.472900000000000000e+05
2.472910000000000000e+05
2.472920000000000000e+05
2.472930000000000000e+05
2.472940000000000000e+05
2.472950000000000000e+05
2.472960000000000000e+05
2.472970000000000000e+05
2.472980000000000000e+05
2.472990000000000000e+05
2.473000000000000000e+05
2.473010000000000000e+05
2.473020000000000000e+05
2.473030000000000000e+05
2.473040000000000000e+05
2.473050000000000000e+05
2.473060000000000000e+05
2.473070000000000000e+05
2.473080000000000000e+05
2.473090000000000000e+05
2.473100000000000000e+05
2.473110000000000000e+05
2.473120000000000000e+05
2.473130000000000000e+05
2.473140000000000000e+05
2.473150000000000000e+05
2.473160000000000000e+05
2.473170000000000000e+05
2.473180000000000000e+05
2.473190000000000000e+05
2.473200000000000000e+05
2.473210000000000000e+05
2.473220000000000000e+05
2.473230000000000000e+05
2.473240000000000000e+05
2.473250000000000000e+05
2.473260000000000000e+05
2.473270000000000000e+05
2.473280000000000000e+05
2.473290000000000000e+05
2.473300000000000000e+05
2.473310000000000000e+05
2.473320000000000000e+05
2.473330000000000000e+05
2.473340000000000000e+05
2.473350000000000000e+05
2.473360000000000000e+05
2.473370000000000000e+05
2.473380000000000000e+05
2.473390000000000000e+05
2.473400000000000000e+05
2.473410000000000000e+05
2.473420000000000000e+05
2.473430000000000000e+05
2.473440000000000000e+05
2.473450000000000000e+05
2.473460000000000000e+05
2.473470000000000000e+05
2.473480000000000000e+05
2.473490000000000000e+05
2.473500000000000000e+05
2.473510000000000000e+05
2.473520000000000000e+05
2.473530000000000000e+05
2.473540000000000000e+05
2.473550000000000000e+05
2.473560000000000000e+05
2.473570000000000000e+05
2.473580000000000000e+05
2.473590000000000000e+05
2.473600000000000000e+05
2.473610000000000000e+05
2.473620000000000000e+05
2.473630000000000000e+05
2.473640000000000000e+05
2.473650000000000000e+05
2.473660000000000000e+05
2.473670000000000000e+05
2.473680000000000000e+05
2.473690000000000000e+05
2.473700000000000000e+05
2.473710000000000000e+05
2.473720000000000000e+05
2.473730000000000000e+05
2.473740000000000000e+05
2.473750000000000000e+05
2.473760000000000000e+05
2.473770000000000000e+05
2.473780000000000000e+05
2.473790000000000000e+05
2.473800000000000000e+05
2.473810000000000000e+05
2.473820000000000000e+05
2.473830000000000000e+05
2.473840000000000000e+05
2.473850000000000000e+05
2.473860000000000000e+05
2.473870000000000000e+05
2.473880000000000000e+05
2.473890000000000000e+05
2.473900000000000000e+05
2.473910000000000000e+05
2.473920000000000000e+05
2.473930000000000000e+05
2.473940000000000000e+05
2.473950000000000000e+05
2.473960000000000000e+05
2.473970000000000000e+05
2.473980000000000000e+05
2.473990000000000000e+05
2.474000000000000000e+05
2.474010000000000000e+05
2.474020000000000000e+05
2.474030000000000000e+05
2.474040000000000000e+05
2.474050000000000000e+05
2.474060000000000000e+05
2.474070000000000000e+05
2.474080000000000000e+05
2.474090000000000000e+05
2.474100000000000000e+05
2.474110000000000000e+05
2.474120000000000000e+05
2.474130000000000000e+05
2.474140000000000000e+05
2.474150000000000000e+05
2.474160000000000000e+05
2.474170000000000000e+05
2.474180000000000000e+05
2.474190000000000000e+05
2.474200000000000000e+05
2.474210000000000000e+05
2.474220000000000000e+05
2.474230000000000000e+05
2.474240000000000000e+05
2.474250000000000000e+05
2.474260000000000000e+05
2.474270000000000000e+05
2.474280000000000000e+05
2.474290000000000000e+05
2.474300000000000000e+05
2.474310000000000000e+05
2.474320000000000000e+05
2.474330000000000000e+05
2.474340000000000000e+05
2.474350000000000000e+05
2.474360000000000000e+05
2.474370000000000000e+05
2.474380000000000000e+05
2.474390000000000000e+05
2.474400000000000000e+05
2.474410000000000000e+05
2.474420000000000000e+05
2.474430000000000000e+05
2.474440000000000000e+05
2.474450000000000000e+05
2.474460000000000000e+05
2.474470000000000000e+05
2.474480000000000000e+05
2.474490000000000000e+05
2.474500000000000000e+05
2.474510000000000000e+05
2.474520000000000000e+05
2.474530000000000000e+05
2.474540000000000000e+05
2.474550000000000000e+05
2.474560000000000000e+05
2.474570000000000000e+05
2.474580000000000000e+05
2.474590000000000000e+05
2.474600000000000000e+05
2.474610000000000000e+05
2.474620000000000000e+05
2.474630000000000000e+05
2.474640000000000000e+05
2.474650000000000000e+05
2.474660000000000000e+05
2.474670000000000000e+05
2.474680000000000000e+05
2.474690000000000000e+05
2.474700000000000000e+05
2.474710000000000000e+05
2.474720000000000000e+05
2.474730000000000000e+05
2.474740000000000000e+05
2.474750000000000000e+05
2.474760000000000000e+05
2.474770000000000000e+05
2.474780000000000000e+05
2.474790000000000000e+05
2.474800000000000000e+05
2.474810000000000000e+05
2.474820000000000000e+05
2.474830000000000000e+05
2.474840000000000000e+05
2.474850000000000000e+05
2.474860000000000000e+05
2.474870000000000000e+05
2.474880000000000000e+05
2.474890000000000000e+05
2.474900000000000000e+05
2.474910000000000000e+05
2.474920000000000000e+05
2.474930000000000000e+05
2.474940000000000000e+05
2.474950000000000000e+05
2.474960000000000000e+05
2.474970000000000000e+05
2.474980000000000000e+05
2.474990000000000000e+05
2.475000000000000000e+05
2.475010000000000000e+05
2.475020000000000000e+05
2.475030000000000000e+05
2.475040000000000000e+05
2.475050000000000000e+05
2.475060000000000000e+05
2.475070000000000000e+05
2.475080000000000000e+05
2.475090000000000000e+05
2.475100000000000000e+05
2.475110000000000000e+05
2.475120000000000000e+05
2.475130000000000000e+05
2.475140000000000000e+05
2.475150000000000000e+05
2.475160000000000000e+05
2.475170000000000000e+05
2.475180000000000000e+05
2.475190000000000000e+05
2.475200000000000000e+05
2.475210000000000000e+05
2.475220000000000000e+05
2.475230000000000000e+05
2.475240000000000000e+05
2.475250000000000000e+05
2.475260000000000000e+05
2.475270000000000000e+05
2.475280000000000000e+05
2.475290000000000000e+05
2.475300000000000000e+05
2.475310000000000000e+05
2.475320000000000000e+05
2.475330000000000000e+05
2.475340000000000000e+05
2.475350000000000000e+05
2.475360000000000000e+05
2.475370000000000000e+05
2.475380000000000000e+05
2.475390000000000000e+05
2.475400000000000000e+05
2.475410000000000000e+05
2.475420000000000000e+05
2.475430000000000000e+05
2.475440000000000000e+05
2.475450000000000000e+05
2.475460000000000000e+05
2.475470000000000000e+05
2.475480000000000000e+05
2.475490000000000000e+05
2.475500000000000000e+05
2.475510000000000000e+05
2.475520000000000000e+05
2.475530000000000000e+05
2.475540000000000000e+05
2.475550000000000000e+05
2.475560000000000000e+05
2.475570000000000000e+05
2.475580000000000000e+05
2.475590000000000000e+05
2.475600000000000000e+05
2.475610000000000000e+05
2.475620000000000000e+05
2.475630000000000000e+05
2.475640000000000000e+05
2.475650000000000000e+05
2.475660000000000000e+05
2.475670000000000000e+05
2.475680000000000000e+05
2.475690000000000000e+05
2.475700000000000000e+05
2.475710000000000000e+05
2.475720000000000000e+05
2.475730000000000000e+05
2.475740000000000000e+05
2.475750000000000000e+05
2.475760000000000000e+05
2.475770000000000000e+05
2.475780000000000000e+05
2.475790000000000000e+05
2.475800000000000000e+05
2.475810000000000000e+05
2.475820000000000000e+05
2.475830000000000000e+05
2.475840000000000000e+05
2.475850000000000000e+05
2.475860000000000000e+05
2.475870000000000000e+05
2.475880000000000000e+05
2.475890000000000000e+05
2.475900000000000000e+05
2.475910000000000000e+05
2.475920000000000000e+05
2.475930000000000000e+05
2.475940000000000000e+05
2.475950000000000000e+05
2.475960000000000000e+05
2.475970000000000000e+05
2.475980000000000000e+05
2.475990000000000000e+05
2.476000000000000000e+05
2.476010000000000000e+05
2.476020000000000000e+05
2.476030000000000000e+05
2.476040000000000000e+05
2.476050000000000000e+05
2.476060000000000000e+05
2.476070000000000000e+05
2.476080000000000000e+05
2.476090000000000000e+05
2.476100000000000000e+05
2.476110000000000000e+05
2.476120000000000000e+05
2.476130000000000000e+05
2.476140000000000000e+05
2.476150000000000000e+05
2.476160000000000000e+05
2.476170000000000000e+05
2.476180000000000000e+05
2.476190000000000000e+05
2.476200000000000000e+05
2.476210000000000000e+05
2.476220000000000000e+05
2.476230000000000000e+05
2.476240000000000000e+05
2.476250000000000000e+05
2.476260000000000000e+05
2.476270000000000000e+05
2.476280000000000000e+05
2.476290000000000000e+05
2.476300000000000000e+05
2.476310000000000000e+05
2.476320000000000000e+05
2.476330000000000000e+05
2.476340000000000000e+05
2.476350000000000000e+05
2.476360000000000000e+05
2.476370000000000000e+05
2.476380000000000000e+05
2.476390000000000000e+05
2.476400000000000000e+05
2.476410000000000000e+05
2.476420000000000000e+05
2.476430000000000000e+05
2.476440000000000000e+05
2.476450000000000000e+05
2.476460000000000000e+05
2.476470000000000000e+05
2.476480000000000000e+05
2.476490000000000000e+05
2.476500000000000000e+05
2.476510000000000000e+05
2.476520000000000000e+05
2.476530000000000000e+05
2.476540000000000000e+05
2.476550000000000000e+05
2.476560000000000000e+05
2.476570000000000000e+05
2.476580000000000000e+05
2.476590000000000000e+05
2.476600000000000000e+05
2.476610000000000000e+05
2.476620000000000000e+05
2.476630000000000000e+05
2.476640000000000000e+05
2.476650000000000000e+05
2.476660000000000000e+05
2.476670000000000000e+05
2.476680000000000000e+05
2.476690000000000000e+05
2.476700000000000000e+05
2.476710000000000000e+05
2.476720000000000000e+05
2.476730000000000000e+05
2.476740000000000000e+05
2.476750000000000000e+05
2.476760000000000000e+05
2.476770000000000000e+05
2.476780000000000000e+05
2.476790000000000000e+05
2.476800000000000000e+05
2.476810000000000000e+05
2.476820000000000000e+05
2.476830000000000000e+05
2.476840000000000000e+05
2.476850000000000000e+05
2.476860000000000000e+05
2.476870000000000000e+05
2.476880000000000000e+05
2.476890000000000000e+05
2.476900000000000000e+05
2.476910000000000000e+05
2.476920000000000000e+05
2.476930000000000000e+05
2.476940000000000000e+05
2.476950000000000000e+05
2.476960000000000000e+05
2.476970000000000000e+05
2.476980000000000000e+05
2.476990000000000000e+05
2.477000000000000000e+05
2.477010000000000000e+05
2.477020000000000000e+05
2.477030000000000000e+05
2.477040000000000000e+05
2.477050000000000000e+05
2.477060000000000000e+05
2.477070000000000000e+05
2.477080000000000000e+05
2.477090000000000000e+05
2.477100000000000000e+05
2.477110000000000000e+05
2.477120000000000000e+05
2.477130000000000000e+05
2.477140000000000000e+05
2.477150000000000000e+05
2.477160000000000000e+05
2.477170000000000000e+05
2.477180000000000000e+05
2.477190000000000000e+05
2.477200000000000000e+05
2.477210000000000000e+05
2.477220000000000000e+05
2.477230000000000000e+05
2.477240000000000000e+05
2.477250000000000000e+05
2.477260000000000000e+05
2.477270000000000000e+05
2.477280000000000000e+05
2.477290000000000000e+05
2.477300000000000000e+05
2.477310000000000000e+05
2.477320000000000000e+05
2.477330000000000000e+05
2.477340000000000000e+05
2.477350000000000000e+05
2.477360000000000000e+05
2.477370000000000000e+05
2.477380000000000000e+05
2.477390000000000000e+05
2.477400000000000000e+05
2.477410000000000000e+05
2.477420000000000000e+05
2.477430000000000000e+05
2.477440000000000000e+05
2.477450000000000000e+05
2.477460000000000000e+05
2.477470000000000000e+05
2.477480000000000000e+05
2.477490000000000000e+05
2.477500000000000000e+05
2.477510000000000000e+05
2.477520000000000000e+05
2.477530000000000000e+05
2.477540000000000000e+05
2.477550000000000000e+05
2.477560000000000000e+05
2.477570000000000000e+05
2.477580000000000000e+05
2.477590000000000000e+05
2.477600000000000000e+05
2.477610000000000000e+05
2.477620000000000000e+05
2.477630000000000000e+05
2.477640000000000000e+05
2.477650000000000000e+05
2.477660000000000000e+05
2.477670000000000000e+05
2.477680000000000000e+05
2.477690000000000000e+05
2.477700000000000000e+05
2.477710000000000000e+05
2.477720000000000000e+05
2.477730000000000000e+05
2.477740000000000000e+05
2.477750000000000000e+05
2.477760000000000000e+05
2.477770000000000000e+05
2.477780000000000000e+05
2.477790000000000000e+05
2.477800000000000000e+05
2.477810000000000000e+05
2.477820000000000000e+05
2.477830000000000000e+05
2.477840000000000000e+05
2.477850000000000000e+05
2.477860000000000000e+05
2.477870000000000000e+05
2.477880000000000000e+05
2.477890000000000000e+05
2.477900000000000000e+05
2.477910000000000000e+05
2.477920000000000000e+05
2.477930000000000000e+05
2.477940000000000000e+05
2.477950000000000000e+05
2.477960000000000000e+05
2.477970000000000000e+05
2.477980000000000000e+05
2.477990000000000000e+05
2.478000000000000000e+05
2.478010000000000000e+05
2.478020000000000000e+05
2.478030000000000000e+05
2.478040000000000000e+05
2.478050000000000000e+05
2.478060000000000000e+05
2.478070000000000000e+05
2.478080000000000000e+05
2.478090000000000000e+05
2.478100000000000000e+05
2.478110000000000000e+05
2.478120000000000000e+05
2.478130000000000000e+05
2.478140000000000000e+05
2.478150000000000000e+05
2.478160000000000000e+05
2.478170000000000000e+05
2.478180000000000000e+05
2.478190000000000000e+05
2.478200000000000000e+05
2.478210000000000000e+05
2.478220000000000000e+05
2.478230000000000000e+05
2.478240000000000000e+05
2.478250000000000000e+05
2.478260000000000000e+05
2.478270000000000000e+05
2.478280000000000000e+05
2.478290000000000000e+05
2.478300000000000000e+05
2.478310000000000000e+05
2.478320000000000000e+05
2.478330000000000000e+05
2.478340000000000000e+05
2.478350000000000000e+05
2.478360000000000000e+05
2.478370000000000000e+05
2.478380000000000000e+05
2.478390000000000000e+05
2.478400000000000000e+05
2.478410000000000000e+05
2.478420000000000000e+05
2.478430000000000000e+05
2.478440000000000000e+05
2.478450000000000000e+05
2.478460000000000000e+05
2.478470000000000000e+05
2.478480000000000000e+05
2.478490000000000000e+05
2.478500000000000000e+05
2.478510000000000000e+05
2.478520000000000000e+05
2.478530000000000000e+05
2.478540000000000000e+05
2.478550000000000000e+05
2.478560000000000000e+05
2.478570000000000000e+05
2.478580000000000000e+05
2.478590000000000000e+05
2.478600000000000000e+05
2.478610000000000000e+05
2.478620000000000000e+05
2.478630000000000000e+05
2.478640000000000000e+05
2.478650000000000000e+05
2.478660000000000000e+05
2.478670000000000000e+05
2.478680000000000000e+05
2.478690000000000000e+05
2.478700000000000000e+05
2.478710000000000000e+05
2.478720000000000000e+05
2.478730000000000000e+05
2.478740000000000000e+05
2.478750000000000000e+05
2.478760000000000000e+05
2.478770000000000000e+05
2.478780000000000000e+05
2.478790000000000000e+05
2.478800000000000000e+05
2.478810000000000000e+05
2.478820000000000000e+05
2.478830000000000000e+05
2.478840000000000000e+05
2.478850000000000000e+05
2.478860000000000000e+05
2.478870000000000000e+05
2.478880000000000000e+05
2.478890000000000000e+05
2.478900000000000000e+05
2.478910000000000000e+05
2.478920000000000000e+05
2.478930000000000000e+05
2.478940000000000000e+05
2.478950000000000000e+05
2.478960000000000000e+05
2.478970000000000000e+05
2.478980000000000000e+05
2.478990000000000000e+05
2.479000000000000000e+05
2.479010000000000000e+05
2.479020000000000000e+05
2.479030000000000000e+05
2.479040000000000000e+05
2.479050000000000000e+05
2.479060000000000000e+05
2.479070000000000000e+05
2.479080000000000000e+05
2.479090000000000000e+05
2.479100000000000000e+05
2.479110000000000000e+05
2.479120000000000000e+05
2.479130000000000000e+05
2.479140000000000000e+05
2.479150000000000000e+05
2.479160000000000000e+05
2.479170000000000000e+05
2.479180000000000000e+05
2.479190000000000000e+05
2.479200000000000000e+05
2.479210000000000000e+05
2.479220000000000000e+05
2.479230000000000000e+05
2.479240000000000000e+05
2.479250000000000000e+05
2.479260000000000000e+05
2.479270000000000000e+05
2.479280000000000000e+05
2.479290000000000000e+05
2.479300000000000000e+05
2.479310000000000000e+05
2.479320000000000000e+05
2.479330000000000000e+05
2.479340000000000000e+05
2.479350000000000000e+05
2.479360000000000000e+05
2.479370000000000000e+05
2.479380000000000000e+05
2.479390000000000000e+05
2.479400000000000000e+05
2.479410000000000000e+05
2.479420000000000000e+05
2.479430000000000000e+05
2.479440000000000000e+05
2.479450000000000000e+05
2.479460000000000000e+05
2.479470000000000000e+05
2.479480000000000000e+05
2.479490000000000000e+05
2.479500000000000000e+05
2.479510000000000000e+05
2.479520000000000000e+05
2.479530000000000000e+05
2.479540000000000000e+05
2.479550000000000000e+05
2.479560000000000000e+05
2.479570000000000000e+05
2.479580000000000000e+05
2.479590000000000000e+05
2.479600000000000000e+05
2.479610000000000000e+05
2.479620000000000000e+05
2.479630000000000000e+05
2.479640000000000000e+05
2.479650000000000000e+05
2.479660000000000000e+05
2.479670000000000000e+05
2.479680000000000000e+05
2.479690000000000000e+05
2.479700000000000000e+05
2.479710000000000000e+05
2.479720000000000000e+05
2.479730000000000000e+05
2.479740000000000000e+05
2.479750000000000000e+05
2.479760000000000000e+05
2.479770000000000000e+05
2.479780000000000000e+05
2.479790000000000000e+05
2.479800000000000000e+05
2.479810000000000000e+05
2.479820000000000000e+05
2.479830000000000000e+05
2.479840000000000000e+05
2.479850000000000000e+05
2.479860000000000000e+05
2.479870000000000000e+05
2.479880000000000000e+05
2.479890000000000000e+05
2.479900000000000000e+05
2.479910000000000000e+05
2.479920000000000000e+05
2.479930000000000000e+05
2.479940000000000000e+05
2.479950000000000000e+05
2.479960000000000000e+05
2.479970000000000000e+05
2.479980000000000000e+05
2.479990000000000000e+05
2.480000000000000000e+05
2.480010000000000000e+05
2.480020000000000000e+05
2.480030000000000000e+05
2.480040000000000000e+05
2.480050000000000000e+05
2.480060000000000000e+05
2.480070000000000000e+05
2.480080000000000000e+05
2.480090000000000000e+05
2.480100000000000000e+05
2.480110000000000000e+05
2.480120000000000000e+05
2.480130000000000000e+05
2.480140000000000000e+05
2.480150000000000000e+05
2.480160000000000000e+05
2.480170000000000000e+05
2.480180000000000000e+05
2.480190000000000000e+05
2.480200000000000000e+05
2.480210000000000000e+05
2.480220000000000000e+05
2.480230000000000000e+05
2.480240000000000000e+05
2.480250000000000000e+05
2.480260000000000000e+05
2.480270000000000000e+05
2.480280000000000000e+05
2.480290000000000000e+05
2.480300000000000000e+05
2.480310000000000000e+05
2.480320000000000000e+05
2.480330000000000000e+05
2.480340000000000000e+05
2.480350000000000000e+05
2.480360000000000000e+05
2.480370000000000000e+05
2.480380000000000000e+05
2.480390000000000000e+05
2.480400000000000000e+05
2.480410000000000000e+05
2.480420000000000000e+05
2.480430000000000000e+05
2.480440000000000000e+05
2.480450000000000000e+05
2.480460000000000000e+05
2.480470000000000000e+05
2.480480000000000000e+05
2.480490000000000000e+05
2.480500000000000000e+05
2.480510000000000000e+05
2.480520000000000000e+05
2.480530000000000000e+05
2.480540000000000000e+05
2.480550000000000000e+05
2.480560000000000000e+05
2.480570000000000000e+05
2.480580000000000000e+05
2.480590000000000000e+05
2.480600000000000000e+05
2.480610000000000000e+05
2.480620000000000000e+05
2.480630000000000000e+05
2.480640000000000000e+05
2.480650000000000000e+05
2.480660000000000000e+05
2.480670000000000000e+05
2.480680000000000000e+05
2.480690000000000000e+05
2.480700000000000000e+05
2.480710000000000000e+05
2.480720000000000000e+05
2.480730000000000000e+05
2.480740000000000000e+05
2.480750000000000000e+05
2.480760000000000000e+05
2.480770000000000000e+05
2.480780000000000000e+05
2.480790000000000000e+05
2.480800000000000000e+05
2.480810000000000000e+05
2.480820000000000000e+05
2.480830000000000000e+05
2.480840000000000000e+05
2.480850000000000000e+05
2.480860000000000000e+05
2.480870000000000000e+05
2.480880000000000000e+05
2.480890000000000000e+05
2.480900000000000000e+05
2.480910000000000000e+05
2.480920000000000000e+05
2.480930000000000000e+05
2.480940000000000000e+05
2.480950000000000000e+05
2.480960000000000000e+05
2.480970000000000000e+05
2.480980000000000000e+05
2.480990000000000000e+05
2.481000000000000000e+05
2.481010000000000000e+05
2.481020000000000000e+05
2.481030000000000000e+05
2.481040000000000000e+05
2.481050000000000000e+05
2.481060000000000000e+05
2.481070000000000000e+05
2.481080000000000000e+05
2.481090000000000000e+05
2.481100000000000000e+05
2.481110000000000000e+05
2.481120000000000000e+05
2.481130000000000000e+05
2.481140000000000000e+05
2.481150000000000000e+05
2.481160000000000000e+05
2.481170000000000000e+05
2.481180000000000000e+05
2.481190000000000000e+05
2.481200000000000000e+05
2.481210000000000000e+05
2.481220000000000000e+05
2.481230000000000000e+05
2.481240000000000000e+05
2.481250000000000000e+05
2.481260000000000000e+05
2.481270000000000000e+05
2.481280000000000000e+05
2.481290000000000000e+05
2.481300000000000000e+05
2.481310000000000000e+05
2.481320000000000000e+05
2.481330000000000000e+05
2.481340000000000000e+05
2.481350000000000000e+05
2.481360000000000000e+05
2.481370000000000000e+05
2.481380000000000000e+05
2.481390000000000000e+05
2.481400000000000000e+05
2.481410000000000000e+05
2.481420000000000000e+05
2.481430000000000000e+05
2.481440000000000000e+05
2.481450000000000000e+05
2.481460000000000000e+05
2.481470000000000000e+05
2.481480000000000000e+05
2.481490000000000000e+05
2.481500000000000000e+05
2.481510000000000000e+05
2.481520000000000000e+05
2.481530000000000000e+05
2.481540000000000000e+05
2.481550000000000000e+05
2.481560000000000000e+05
2.481570000000000000e+05
2.481580000000000000e+05
2.481590000000000000e+05
2.481600000000000000e+05
2.481610000000000000e+05
2.481620000000000000e+05
2.481630000000000000e+05
2.481640000000000000e+05
2.481650000000000000e+05
2.481660000000000000e+05
2.481670000000000000e+05
2.481680000000000000e+05
2.481690000000000000e+05
2.481700000000000000e+05
2.481710000000000000e+05
2.481720000000000000e+05
2.481730000000000000e+05
2.481740000000000000e+05
2.481750000000000000e+05
2.481760000000000000e+05
2.481770000000000000e+05
2.481780000000000000e+05
2.481790000000000000e+05
2.481800000000000000e+05
2.481810000000000000e+05
2.481820000000000000e+05
2.481830000000000000e+05
2.481840000000000000e+05
2.481850000000000000e+05
2.481860000000000000e+05
2.481870000000000000e+05
2.481880000000000000e+05
2.481890000000000000e+05
2.481900000000000000e+05
2.481910000000000000e+05
2.481920000000000000e+05
2.481930000000000000e+05
2.481940000000000000e+05
2.481950000000000000e+05
2.481960000000000000e+05
2.481970000000000000e+05
2.481980000000000000e+05
2.481990000000000000e+05
2.482000000000000000e+05
2.482010000000000000e+05
2.482020000000000000e+05
2.482030000000000000e+05
2.482040000000000000e+05
2.482050000000000000e+05
2.482060000000000000e+05
2.482070000000000000e+05
2.482080000000000000e+05
2.482090000000000000e+05
2.482100000000000000e+05
2.482110000000000000e+05
2.482120000000000000e+05
2.482130000000000000e+05
2.482140000000000000e+05
2.482150000000000000e+05
2.482160000000000000e+05
2.482170000000000000e+05
2.482180000000000000e+05
2.482190000000000000e+05
2.482200000000000000e+05
2.482210000000000000e+05
2.482220000000000000e+05
2.482230000000000000e+05
2.482240000000000000e+05
2.482250000000000000e+05
2.482260000000000000e+05
2.482270000000000000e+05
2.482280000000000000e+05
2.482290000000000000e+05
2.482300000000000000e+05
2.482310000000000000e+05
2.482320000000000000e+05
2.482330000000000000e+05
2.482340000000000000e+05
2.482350000000000000e+05
2.482360000000000000e+05
2.482370000000000000e+05
2.482380000000000000e+05
2.482390000000000000e+05
2.482400000000000000e+05
2.482410000000000000e+05
2.482420000000000000e+05
2.482430000000000000e+05
2.482470000000000000e+05
2.482480000000000000e+05
2.482490000000000000e+05
2.482500000000000000e+05
2.482510000000000000e+05
2.482520000000000000e+05
2.482530000000000000e+05
2.482540000000000000e+05
2.482550000000000000e+05
2.482560000000000000e+05
2.482570000000000000e+05
2.482580000000000000e+05
2.482590000000000000e+05
2.482600000000000000e+05
2.482610000000000000e+05
2.482620000000000000e+05
2.482630000000000000e+05
2.482640000000000000e+05
2.482650000000000000e+05
2.482660000000000000e+05
2.482670000000000000e+05
2.482680000000000000e+05
2.482690000000000000e+05
2.482700000000000000e+05
2.482710000000000000e+05
2.482720000000000000e+05
2.482730000000000000e+05
2.482740000000000000e+05
2.482750000000000000e+05
2.482760000000000000e+05
2.482770000000000000e+05
2.482780000000000000e+05
2.482790000000000000e+05
2.482800000000000000e+05
2.482810000000000000e+05
2.482820000000000000e+05
2.482830000000000000e+05
2.482840000000000000e+05
2.482850000000000000e+05
2.482860000000000000e+05
2.482870000000000000e+05
2.482880000000000000e+05
2.482890000000000000e+05
2.482900000000000000e+05
2.482910000000000000e+05
2.482920000000000000e+05
2.482930000000000000e+05
2.482940000000000000e+05
2.482950000000000000e+05
2.482960000000000000e+05
2.482970000000000000e+05
2.482980000000000000e+05
2.482990000000000000e+05
2.483000000000000000e+05
2.483010000000000000e+05
2.483020000000000000e+05
2.483030000000000000e+05
2.483040000000000000e+05
2.483050000000000000e+05
2.483060000000000000e+05
2.483070000000000000e+05
2.483080000000000000e+05
2.483090000000000000e+05
2.483100000000000000e+05
2.483110000000000000e+05
2.483120000000000000e+05
2.483130000000000000e+05
2.483140000000000000e+05
2.483150000000000000e+05
2.483160000000000000e+05
2.483170000000000000e+05
2.483180000000000000e+05
2.483190000000000000e+05
2.483200000000000000e+05
2.483210000000000000e+05
2.483220000000000000e+05
2.483230000000000000e+05
2.483240000000000000e+05
2.483250000000000000e+05
2.483260000000000000e+05
2.483270000000000000e+05
2.483280000000000000e+05
2.483290000000000000e+05
2.483300000000000000e+05
2.483310000000000000e+05
2.483320000000000000e+05
2.483330000000000000e+05
2.483340000000000000e+05
2.483350000000000000e+05
2.483360000000000000e+05
2.483370000000000000e+05
2.483380000000000000e+05
2.483390000000000000e+05
2.483400000000000000e+05
2.483410000000000000e+05
2.483420000000000000e+05
2.483430000000000000e+05
2.483440000000000000e+05
2.483450000000000000e+05
2.483460000000000000e+05
2.483470000000000000e+05
2.483480000000000000e+05
2.483490000000000000e+05
2.483500000000000000e+05
2.483510000000000000e+05
2.483520000000000000e+05
2.483530000000000000e+05
2.483540000000000000e+05
2.483550000000000000e+05
2.483560000000000000e+05
2.483570000000000000e+05
2.483580000000000000e+05
2.483590000000000000e+05
2.483600000000000000e+05
2.483610000000000000e+05
2.483620000000000000e+05
2.483630000000000000e+05
2.483640000000000000e+05
2.483650000000000000e+05
2.483660000000000000e+05
2.483670000000000000e+05
2.483680000000000000e+05
2.483690000000000000e+05
2.483700000000000000e+05
2.483710000000000000e+05
2.483720000000000000e+05
2.483730000000000000e+05
2.483740000000000000e+05
2.483750000000000000e+05
2.483760000000000000e+05
2.483770000000000000e+05
2.483780000000000000e+05
2.483790000000000000e+05
2.483800000000000000e+05
2.483810000000000000e+05
2.483820000000000000e+05
2.483830000000000000e+05
2.483840000000000000e+05
2.483850000000000000e+05
2.483860000000000000e+05
2.483870000000000000e+05
2.483880000000000000e+05
2.483890000000000000e+05
2.483900000000000000e+05
2.483910000000000000e+05
2.483920000000000000e+05
2.483930000000000000e+05
2.483940000000000000e+05
2.483950000000000000e+05
2.483960000000000000e+05
2.483970000000000000e+05
2.483980000000000000e+05
2.483990000000000000e+05
2.484000000000000000e+05
2.484010000000000000e+05
2.484020000000000000e+05
2.484030000000000000e+05
2.484040000000000000e+05
2.484050000000000000e+05
2.484060000000000000e+05
2.484070000000000000e+05
2.484080000000000000e+05
2.484090000000000000e+05
2.484100000000000000e+05
2.484110000000000000e+05
2.484120000000000000e+05
2.484130000000000000e+05
2.484140000000000000e+05
2.484150000000000000e+05
2.484160000000000000e+05
2.484170000000000000e+05
2.484180000000000000e+05
2.484190000000000000e+05
2.484200000000000000e+05
2.484210000000000000e+05
2.484220000000000000e+05
2.484230000000000000e+05
2.484240000000000000e+05
2.484250000000000000e+05
2.484260000000000000e+05
2.484270000000000000e+05
2.484280000000000000e+05
2.484290000000000000e+05
2.484300000000000000e+05
2.484310000000000000e+05
2.484320000000000000e+05
2.484330000000000000e+05
2.484340000000000000e+05
2.484350000000000000e+05
2.484360000000000000e+05
2.484370000000000000e+05
2.484380000000000000e+05
2.484390000000000000e+05
2.484400000000000000e+05
2.484410000000000000e+05
2.484420000000000000e+05
2.484430000000000000e+05
2.484440000000000000e+05
2.484450000000000000e+05
2.484460000000000000e+05
2.484470000000000000e+05
2.484480000000000000e+05
2.484490000000000000e+05
2.484500000000000000e+05
2.484510000000000000e+05
2.484520000000000000e+05
2.484530000000000000e+05
2.484540000000000000e+05
2.484550000000000000e+05
2.484560000000000000e+05
2.484570000000000000e+05
2.484580000000000000e+05
2.484590000000000000e+05
2.484600000000000000e+05
2.484610000000000000e+05
2.484620000000000000e+05
2.484630000000000000e+05
2.484640000000000000e+05
2.484650000000000000e+05
2.484660000000000000e+05
2.484670000000000000e+05
2.484680000000000000e+05
2.484690000000000000e+05
2.484700000000000000e+05
2.484710000000000000e+05
2.484720000000000000e+05
2.484730000000000000e+05
2.484740000000000000e+05
2.484750000000000000e+05
2.484760000000000000e+05
2.484770000000000000e+05
2.484780000000000000e+05
2.484790000000000000e+05
2.484800000000000000e+05
2.484810000000000000e+05
2.484820000000000000e+05
2.484830000000000000e+05
2.484840000000000000e+05
2.484850000000000000e+05
2.484860000000000000e+05
2.484870000000000000e+05
2.484880000000000000e+05
2.484890000000000000e+05
2.484900000000000000e+05
2.484910000000000000e+05
2.484920000000000000e+05
2.484930000000000000e+05
2.484940000000000000e+05
2.484950000000000000e+05
2.484960000000000000e+05
2.484970000000000000e+05
2.484980000000000000e+05
2.484990000000000000e+05
2.485000000000000000e+05
2.485010000000000000e+05
2.485020000000000000e+05
2.485030000000000000e+05
2.485040000000000000e+05
2.485050000000000000e+05
2.485060000000000000e+05
2.485070000000000000e+05
2.485080000000000000e+05
2.485090000000000000e+05
2.485100000000000000e+05
2.485110000000000000e+05
2.485120000000000000e+05
2.485130000000000000e+05
2.485140000000000000e+05
2.485150000000000000e+05
2.485160000000000000e+05
2.485170000000000000e+05
2.485180000000000000e+05
2.485190000000000000e+05
2.485200000000000000e+05
2.485210000000000000e+05
2.485220000000000000e+05
2.485230000000000000e+05
2.485240000000000000e+05
2.485250000000000000e+05
2.485260000000000000e+05
2.485270000000000000e+05
2.485280000000000000e+05
2.485290000000000000e+05
2.485300000000000000e+05
2.485310000000000000e+05
2.485320000000000000e+05
2.485330000000000000e+05
2.485340000000000000e+05
2.485350000000000000e+05
2.485360000000000000e+05
2.485370000000000000e+05
2.485380000000000000e+05
2.485390000000000000e+05
2.485400000000000000e+05
2.485410000000000000e+05
2.485420000000000000e+05
2.485430000000000000e+05
2.485440000000000000e+05
2.485450000000000000e+05
2.485460000000000000e+05
2.485470000000000000e+05
2.485480000000000000e+05
2.485490000000000000e+05
2.485500000000000000e+05
2.485510000000000000e+05
2.485520000000000000e+05
2.485530000000000000e+05
2.485540000000000000e+05
2.485550000000000000e+05
2.485560000000000000e+05
2.485570000000000000e+05
2.485580000000000000e+05
2.485590000000000000e+05
2.485600000000000000e+05
2.485610000000000000e+05
2.485620000000000000e+05
2.485630000000000000e+05
2.485640000000000000e+05
2.485650000000000000e+05
2.485660000000000000e+05
2.485670000000000000e+05
2.485680000000000000e+05
2.485690000000000000e+05
2.485700000000000000e+05
2.485710000000000000e+05
2.485720000000000000e+05
2.485730000000000000e+05
2.485740000000000000e+05
2.485750000000000000e+05
2.485760000000000000e+05
2.485770000000000000e+05
2.485780000000000000e+05
2.485790000000000000e+05
2.485800000000000000e+05
2.485810000000000000e+05
2.485820000000000000e+05
2.485830000000000000e+05
2.485840000000000000e+05
2.485850000000000000e+05
2.485860000000000000e+05
2.485870000000000000e+05
2.485880000000000000e+05
2.485890000000000000e+05
2.485900000000000000e+05
2.485910000000000000e+05
2.485920000000000000e+05
2.485930000000000000e+05
2.485940000000000000e+05
2.485950000000000000e+05
2.485960000000000000e+05
2.485970000000000000e+05
2.485980000000000000e+05
2.485990000000000000e+05
2.486000000000000000e+05
2.486010000000000000e+05
2.486020000000000000e+05
2.486030000000000000e+05
2.486040000000000000e+05
2.486050000000000000e+05
2.486060000000000000e+05
2.486070000000000000e+05
2.486080000000000000e+05
2.486090000000000000e+05
2.486100000000000000e+05
2.486110000000000000e+05
2.486120000000000000e+05
2.486130000000000000e+05
2.486140000000000000e+05
2.486150000000000000e+05
2.486160000000000000e+05
2.486170000000000000e+05
2.486180000000000000e+05
2.486190000000000000e+05
2.486200000000000000e+05
2.486210000000000000e+05
2.486220000000000000e+05
2.486230000000000000e+05
2.486240000000000000e+05
2.486250000000000000e+05
2.486260000000000000e+05
2.486270000000000000e+05
2.486280000000000000e+05
2.486290000000000000e+05
2.486300000000000000e+05
2.486310000000000000e+05
2.486320000000000000e+05
2.486330000000000000e+05
2.486340000000000000e+05
2.486350000000000000e+05
2.486360000000000000e+05
2.486370000000000000e+05
2.486380000000000000e+05
2.486390000000000000e+05
2.486400000000000000e+05
2.486410000000000000e+05
2.486420000000000000e+05
2.486430000000000000e+05
2.486440000000000000e+05
2.486450000000000000e+05
2.486460000000000000e+05
2.486470000000000000e+05
2.486480000000000000e+05
2.486490000000000000e+05
2.486500000000000000e+05
2.486510000000000000e+05
2.486520000000000000e+05
2.486530000000000000e+05
2.486540000000000000e+05
2.486550000000000000e+05
2.486560000000000000e+05
2.486570000000000000e+05
2.486580000000000000e+05
2.486590000000000000e+05
2.486600000000000000e+05
2.486610000000000000e+05
2.486620000000000000e+05
2.486630000000000000e+05
2.486640000000000000e+05
2.486650000000000000e+05
2.486660000000000000e+05
2.486670000000000000e+05
2.486680000000000000e+05
2.486690000000000000e+05
2.486700000000000000e+05
2.486760000000000000e+05
2.486770000000000000e+05
2.486780000000000000e+05
2.486790000000000000e+05
2.486800000000000000e+05
2.486810000000000000e+05
2.486820000000000000e+05
2.486830000000000000e+05
2.486840000000000000e+05
2.486850000000000000e+05
2.486860000000000000e+05
2.486870000000000000e+05
2.486880000000000000e+05
2.486890000000000000e+05
2.486900000000000000e+05
2.486910000000000000e+05
2.486920000000000000e+05
2.486930000000000000e+05
2.486940000000000000e+05
2.486950000000000000e+05
2.486960000000000000e+05
2.486970000000000000e+05
2.486980000000000000e+05
2.486990000000000000e+05
2.487000000000000000e+05
2.487010000000000000e+05
2.487020000000000000e+05
2.487030000000000000e+05
2.487040000000000000e+05
2.487050000000000000e+05
2.487060000000000000e+05
2.487070000000000000e+05
2.487080000000000000e+05
2.487090000000000000e+05
2.487100000000000000e+05
2.487110000000000000e+05
2.487120000000000000e+05
2.487130000000000000e+05
2.487140000000000000e+05
2.487150000000000000e+05
2.487160000000000000e+05
2.487170000000000000e+05
2.487180000000000000e+05
2.487190000000000000e+05
2.487200000000000000e+05
2.487210000000000000e+05
2.487220000000000000e+05
2.487230000000000000e+05
2.487240000000000000e+05
2.487250000000000000e+05
2.487260000000000000e+05
2.487270000000000000e+05
2.487280000000000000e+05
2.487290000000000000e+05
2.487300000000000000e+05
2.487310000000000000e+05
2.487320000000000000e+05
2.487330000000000000e+05
2.487340000000000000e+05
2.487350000000000000e+05
2.487360000000000000e+05
2.487370000000000000e+05
2.487380000000000000e+05
2.487390000000000000e+05
2.487400000000000000e+05
2.487410000000000000e+05
2.487420000000000000e+05
2.487430000000000000e+05
2.487440000000000000e+05
2.487450000000000000e+05
2.487460000000000000e+05
2.487470000000000000e+05
2.487480000000000000e+05
2.487490000000000000e+05
2.487500000000000000e+05
2.487510000000000000e+05
2.487520000000000000e+05
2.487530000000000000e+05
2.487540000000000000e+05
2.487550000000000000e+05
2.487560000000000000e+05
2.487570000000000000e+05
2.487580000000000000e+05
2.487590000000000000e+05
2.487600000000000000e+05
2.487610000000000000e+05
2.487620000000000000e+05
2.487630000000000000e+05
2.487640000000000000e+05
2.487650000000000000e+05
2.487660000000000000e+05
2.487670000000000000e+05
2.487680000000000000e+05
2.487690000000000000e+05
2.487700000000000000e+05
2.487710000000000000e+05
2.487720000000000000e+05
2.487730000000000000e+05
2.487740000000000000e+05
2.487750000000000000e+05
2.487760000000000000e+05
2.487770000000000000e+05
2.487780000000000000e+05
2.487790000000000000e+05
2.487800000000000000e+05
2.487810000000000000e+05
2.487820000000000000e+05
2.487830000000000000e+05
2.487840000000000000e+05
2.487850000000000000e+05
2.487860000000000000e+05
2.487870000000000000e+05
2.487880000000000000e+05
2.487890000000000000e+05
2.487900000000000000e+05
2.487910000000000000e+05
2.487920000000000000e+05
2.487930000000000000e+05
2.487940000000000000e+05
2.487950000000000000e+05
2.487960000000000000e+05
2.487970000000000000e+05
2.487980000000000000e+05
2.487990000000000000e+05
2.488000000000000000e+05
2.488010000000000000e+05
2.488020000000000000e+05
2.488030000000000000e+05
2.488040000000000000e+05
2.488050000000000000e+05
2.488060000000000000e+05
2.488070000000000000e+05
2.488080000000000000e+05
2.488090000000000000e+05
2.488100000000000000e+05
2.488110000000000000e+05
2.488120000000000000e+05
2.488130000000000000e+05
2.488140000000000000e+05
2.488150000000000000e+05
2.488160000000000000e+05
2.488170000000000000e+05
2.488180000000000000e+05
2.488190000000000000e+05
2.488200000000000000e+05
2.488210000000000000e+05
2.488220000000000000e+05
2.488230000000000000e+05
2.488240000000000000e+05
2.488250000000000000e+05
2.488260000000000000e+05
2.488270000000000000e+05
2.488280000000000000e+05
2.488290000000000000e+05
2.488300000000000000e+05
2.488310000000000000e+05
2.488320000000000000e+05
2.488330000000000000e+05
2.488340000000000000e+05
2.488350000000000000e+05
2.488360000000000000e+05
2.488370000000000000e+05
2.488380000000000000e+05
2.488390000000000000e+05
2.488400000000000000e+05
2.488410000000000000e+05
2.488420000000000000e+05
2.488430000000000000e+05
2.488440000000000000e+05
2.488450000000000000e+05
2.488460000000000000e+05
2.488470000000000000e+05
2.488480000000000000e+05
2.488490000000000000e+05
2.488500000000000000e+05
2.488510000000000000e+05
2.488520000000000000e+05
2.488530000000000000e+05
2.488540000000000000e+05
2.488550000000000000e+05
2.488560000000000000e+05
2.488570000000000000e+05
2.488580000000000000e+05
2.488590000000000000e+05
2.488600000000000000e+05
2.488610000000000000e+05
2.488620000000000000e+05
2.488630000000000000e+05
2.488640000000000000e+05
2.488650000000000000e+05
2.488660000000000000e+05
2.488670000000000000e+05
2.488680000000000000e+05
2.488690000000000000e+05
2.488700000000000000e+05
2.488710000000000000e+05
2.488720000000000000e+05
2.488730000000000000e+05
2.488740000000000000e+05
2.488750000000000000e+05
2.488760000000000000e+05
2.488770000000000000e+05
2.488780000000000000e+05
2.488790000000000000e+05
2.488800000000000000e+05
2.488810000000000000e+05
2.488820000000000000e+05
2.488830000000000000e+05
2.488840000000000000e+05
2.488850000000000000e+05
2.488860000000000000e+05
2.488870000000000000e+05
2.488880000000000000e+05
2.488890000000000000e+05
2.488900000000000000e+05
2.488910000000000000e+05
2.488920000000000000e+05
2.488930000000000000e+05
2.488940000000000000e+05
2.488950000000000000e+05
2.488960000000000000e+05
2.488970000000000000e+05
2.488980000000000000e+05
2.488990000000000000e+05
2.489000000000000000e+05
2.489010000000000000e+05
2.489020000000000000e+05
2.489030000000000000e+05
2.489040000000000000e+05
2.489050000000000000e+05
2.489060000000000000e+05
2.489070000000000000e+05
2.489080000000000000e+05
2.489090000000000000e+05
2.489100000000000000e+05
2.489110000000000000e+05
2.489120000000000000e+05
2.489130000000000000e+05
2.489140000000000000e+05
2.489150000000000000e+05
2.489160000000000000e+05
2.489170000000000000e+05
2.489180000000000000e+05
2.489190000000000000e+05
2.489200000000000000e+05
2.489210000000000000e+05
2.489220000000000000e+05
2.489230000000000000e+05
2.489240000000000000e+05
2.489250000000000000e+05
2.489260000000000000e+05
2.489270000000000000e+05
2.489280000000000000e+05
2.489290000000000000e+05
2.489300000000000000e+05
2.489310000000000000e+05
2.489320000000000000e+05
2.489330000000000000e+05
2.489340000000000000e+05
2.489350000000000000e+05
2.489360000000000000e+05
2.489370000000000000e+05
2.489380000000000000e+05
2.489390000000000000e+05
2.489400000000000000e+05
2.489410000000000000e+05
2.489420000000000000e+05
2.489430000000000000e+05
2.489440000000000000e+05
2.489450000000000000e+05
2.489460000000000000e+05
2.489470000000000000e+05
2.489480000000000000e+05
2.489490000000000000e+05
2.489500000000000000e+05
2.489510000000000000e+05
2.489520000000000000e+05
2.489530000000000000e+05
2.489540000000000000e+05
2.489550000000000000e+05
2.489560000000000000e+05
2.489570000000000000e+05
2.489580000000000000e+05
2.489590000000000000e+05
2.489600000000000000e+05
2.489610000000000000e+05
2.489620000000000000e+05
2.489630000000000000e+05
2.489640000000000000e+05
2.489650000000000000e+05
2.489660000000000000e+05
2.489670000000000000e+05
2.489680000000000000e+05
2.489690000000000000e+05
2.489700000000000000e+05
2.489710000000000000e+05
2.489720000000000000e+05
2.489730000000000000e+05
2.489740000000000000e+05
2.489750000000000000e+05
2.489760000000000000e+05
2.489770000000000000e+05
2.489780000000000000e+05
2.489790000000000000e+05
2.489800000000000000e+05
2.489810000000000000e+05
2.489820000000000000e+05
2.489830000000000000e+05
2.489840000000000000e+05
2.489850000000000000e+05
2.489860000000000000e+05
2.489870000000000000e+05
2.489880000000000000e+05
2.489890000000000000e+05
2.489900000000000000e+05
2.489910000000000000e+05
2.489920000000000000e+05
2.489930000000000000e+05
2.489940000000000000e+05
2.489950000000000000e+05
2.489960000000000000e+05
2.489970000000000000e+05
2.489980000000000000e+05
2.489990000000000000e+05
2.490000000000000000e+05
2.490010000000000000e+05
2.490020000000000000e+05
2.490030000000000000e+05
2.490040000000000000e+05
2.490050000000000000e+05
2.490060000000000000e+05
2.490070000000000000e+05
2.490080000000000000e+05
2.490090000000000000e+05
2.490100000000000000e+05
2.490110000000000000e+05
2.490120000000000000e+05
2.490130000000000000e+05
2.490140000000000000e+05
2.490150000000000000e+05
2.490160000000000000e+05
2.490170000000000000e+05
2.490180000000000000e+05
2.490190000000000000e+05
2.490200000000000000e+05
2.490210000000000000e+05
2.490220000000000000e+05
2.490230000000000000e+05
2.490240000000000000e+05
2.490250000000000000e+05
2.490260000000000000e+05
2.490270000000000000e+05
2.490280000000000000e+05
2.490290000000000000e+05
2.490300000000000000e+05
2.490310000000000000e+05
2.490320000000000000e+05
2.490330000000000000e+05
2.490340000000000000e+05
2.490350000000000000e+05
2.490360000000000000e+05
2.490370000000000000e+05
2.490380000000000000e+05
2.490390000000000000e+05
2.490400000000000000e+05
2.490410000000000000e+05
2.490420000000000000e+05
2.490430000000000000e+05
2.490440000000000000e+05
2.490450000000000000e+05
2.490460000000000000e+05
2.490470000000000000e+05
2.490480000000000000e+05
2.490490000000000000e+05
2.490500000000000000e+05
2.490510000000000000e+05
2.490520000000000000e+05
2.490530000000000000e+05
2.490540000000000000e+05
2.490550000000000000e+05
2.490560000000000000e+05
2.490570000000000000e+05
2.490580000000000000e+05
2.490590000000000000e+05
2.490600000000000000e+05
2.490610000000000000e+05
2.490620000000000000e+05
2.490630000000000000e+05
2.490640000000000000e+05
2.490650000000000000e+05
2.490660000000000000e+05
2.490670000000000000e+05
2.490680000000000000e+05
2.490690000000000000e+05
2.490700000000000000e+05
2.490710000000000000e+05
2.490720000000000000e+05
2.490730000000000000e+05
2.490740000000000000e+05
2.490750000000000000e+05
2.490760000000000000e+05
2.490770000000000000e+05
2.490780000000000000e+05
2.490790000000000000e+05
2.490800000000000000e+05
2.490810000000000000e+05
2.490820000000000000e+05
2.490830000000000000e+05
2.490840000000000000e+05
2.490850000000000000e+05
2.490860000000000000e+05
2.490870000000000000e+05
2.490880000000000000e+05
2.490890000000000000e+05
2.490900000000000000e+05
2.490910000000000000e+05
2.490920000000000000e+05
2.490930000000000000e+05
2.490940000000000000e+05
2.490950000000000000e+05
2.490960000000000000e+05
2.490970000000000000e+05
2.490980000000000000e+05
2.490990000000000000e+05
2.491000000000000000e+05
2.491010000000000000e+05
2.491020000000000000e+05
2.491030000000000000e+05
2.491040000000000000e+05
2.491050000000000000e+05
2.491060000000000000e+05
2.491070000000000000e+05
2.491080000000000000e+05
2.491090000000000000e+05
2.491100000000000000e+05
2.491110000000000000e+05
2.491120000000000000e+05
2.491130000000000000e+05
2.491140000000000000e+05
2.491150000000000000e+05
2.491160000000000000e+05
2.491170000000000000e+05
2.491180000000000000e+05
2.491190000000000000e+05
2.491200000000000000e+05
2.491210000000000000e+05
2.491220000000000000e+05
2.491230000000000000e+05
2.491240000000000000e+05
2.491250000000000000e+05
2.491260000000000000e+05
2.491270000000000000e+05
2.491280000000000000e+05
2.491290000000000000e+05
2.491300000000000000e+05
2.491310000000000000e+05
2.491320000000000000e+05
2.491330000000000000e+05
2.491340000000000000e+05
2.491350000000000000e+05
2.491360000000000000e+05
2.491370000000000000e+05
2.491380000000000000e+05
2.491390000000000000e+05
2.491400000000000000e+05
2.491410000000000000e+05
2.491420000000000000e+05
2.491430000000000000e+05
2.491440000000000000e+05
2.491450000000000000e+05
2.491460000000000000e+05
2.491470000000000000e+05
2.491480000000000000e+05
2.491490000000000000e+05
2.491500000000000000e+05
2.491510000000000000e+05
2.491520000000000000e+05
2.491530000000000000e+05
2.491540000000000000e+05
2.491550000000000000e+05
2.491560000000000000e+05
2.491570000000000000e+05
2.491580000000000000e+05
2.491590000000000000e+05
2.491600000000000000e+05
2.491610000000000000e+05
2.491620000000000000e+05
2.491630000000000000e+05
2.491640000000000000e+05
2.491650000000000000e+05
2.491660000000000000e+05
2.491670000000000000e+05
2.491680000000000000e+05
2.491690000000000000e+05
2.491700000000000000e+05
2.491710000000000000e+05
2.491720000000000000e+05
2.491730000000000000e+05
2.491740000000000000e+05
2.491750000000000000e+05
2.491760000000000000e+05
2.491770000000000000e+05
2.491780000000000000e+05
2.491790000000000000e+05
2.491800000000000000e+05
2.491810000000000000e+05
2.491820000000000000e+05
2.491830000000000000e+05
2.491840000000000000e+05
2.491850000000000000e+05
2.491860000000000000e+05
2.491870000000000000e+05
2.491880000000000000e+05
2.491890000000000000e+05
2.491900000000000000e+05
2.491910000000000000e+05
2.491920000000000000e+05
2.491930000000000000e+05
2.491940000000000000e+05
2.491950000000000000e+05
2.491960000000000000e+05
2.491970000000000000e+05
2.491980000000000000e+05
2.491990000000000000e+05
2.492000000000000000e+05
2.492010000000000000e+05
2.492020000000000000e+05
2.492030000000000000e+05
2.492040000000000000e+05
2.492050000000000000e+05
2.492060000000000000e+05
2.492070000000000000e+05
2.492080000000000000e+05
2.492090000000000000e+05
2.492100000000000000e+05
2.492110000000000000e+05
2.492120000000000000e+05
2.492130000000000000e+05
2.492140000000000000e+05
2.492150000000000000e+05
2.492160000000000000e+05
2.492170000000000000e+05
2.492180000000000000e+05
2.492190000000000000e+05
2.492200000000000000e+05
2.492210000000000000e+05
2.492220000000000000e+05
2.492230000000000000e+05
2.492240000000000000e+05
2.492250000000000000e+05
2.492260000000000000e+05
2.492270000000000000e+05
2.492280000000000000e+05
2.492290000000000000e+05
2.492300000000000000e+05
2.492310000000000000e+05
2.492320000000000000e+05
2.492330000000000000e+05
2.492340000000000000e+05
2.492350000000000000e+05
2.492360000000000000e+05
2.492370000000000000e+05
2.492380000000000000e+05
2.492390000000000000e+05
2.492400000000000000e+05
2.492410000000000000e+05
2.492420000000000000e+05
2.492430000000000000e+05
2.492440000000000000e+05
2.492450000000000000e+05
2.492460000000000000e+05
2.492470000000000000e+05
2.492480000000000000e+05
2.492490000000000000e+05
2.492500000000000000e+05
2.492510000000000000e+05
2.492520000000000000e+05
2.492530000000000000e+05
2.492540000000000000e+05
2.492550000000000000e+05
2.492560000000000000e+05
2.492570000000000000e+05
2.492580000000000000e+05
2.492590000000000000e+05
2.492600000000000000e+05
2.492610000000000000e+05
2.492620000000000000e+05
2.492630000000000000e+05
2.492640000000000000e+05
2.492650000000000000e+05
2.492660000000000000e+05
2.492670000000000000e+05
2.492680000000000000e+05
2.492690000000000000e+05
2.492700000000000000e+05
2.492710000000000000e+05
2.492720000000000000e+05
2.492730000000000000e+05
2.492740000000000000e+05
2.492750000000000000e+05
2.492760000000000000e+05
2.492770000000000000e+05
2.492780000000000000e+05
2.492790000000000000e+05
2.492800000000000000e+05
2.492810000000000000e+05
2.492820000000000000e+05
2.492830000000000000e+05
2.492840000000000000e+05
2.492850000000000000e+05
2.492860000000000000e+05
2.492870000000000000e+05
2.492880000000000000e+05
2.492890000000000000e+05
2.492900000000000000e+05
2.492910000000000000e+05
2.492920000000000000e+05
2.492930000000000000e+05
2.492940000000000000e+05
2.492950000000000000e+05
2.492960000000000000e+05
2.492970000000000000e+05
2.492980000000000000e+05
2.492990000000000000e+05
2.493000000000000000e+05
2.493010000000000000e+05
2.493020000000000000e+05
2.493030000000000000e+05
2.493040000000000000e+05
2.493050000000000000e+05
2.493060000000000000e+05
2.493070000000000000e+05
2.493080000000000000e+05
2.493090000000000000e+05
2.493100000000000000e+05
2.493110000000000000e+05
2.493120000000000000e+05
2.493130000000000000e+05
2.493140000000000000e+05
2.493150000000000000e+05
2.493160000000000000e+05
2.493170000000000000e+05
2.493180000000000000e+05
2.493190000000000000e+05
2.493200000000000000e+05
2.493210000000000000e+05
2.493220000000000000e+05
2.493230000000000000e+05
2.493240000000000000e+05
2.493250000000000000e+05
2.493260000000000000e+05
2.493270000000000000e+05
2.493280000000000000e+05
2.493290000000000000e+05
2.493300000000000000e+05
2.493310000000000000e+05
2.493320000000000000e+05
2.493330000000000000e+05
2.493340000000000000e+05
2.493350000000000000e+05
2.493360000000000000e+05
2.493370000000000000e+05
2.493380000000000000e+05
2.493390000000000000e+05
2.493400000000000000e+05
2.493410000000000000e+05
2.493420000000000000e+05
2.493430000000000000e+05
2.493440000000000000e+05
2.493450000000000000e+05
2.493460000000000000e+05
2.493470000000000000e+05
2.493480000000000000e+05
2.493490000000000000e+05
2.493500000000000000e+05
2.493510000000000000e+05
2.493520000000000000e+05
2.493530000000000000e+05
2.493540000000000000e+05
2.493550000000000000e+05
2.493560000000000000e+05
2.493570000000000000e+05
2.493580000000000000e+05
2.493590000000000000e+05
2.493600000000000000e+05
2.493610000000000000e+05
2.493620000000000000e+05
2.493630000000000000e+05
2.493640000000000000e+05
2.493650000000000000e+05
2.493660000000000000e+05
2.493670000000000000e+05
2.493680000000000000e+05
2.493690000000000000e+05
2.493700000000000000e+05
2.493710000000000000e+05
2.493720000000000000e+05
2.493730000000000000e+05
2.493740000000000000e+05
2.493750000000000000e+05
2.493760000000000000e+05
2.493770000000000000e+05
2.493780000000000000e+05
2.493790000000000000e+05
2.493800000000000000e+05
2.493810000000000000e+05
2.493820000000000000e+05
2.493830000000000000e+05
2.493840000000000000e+05
2.493850000000000000e+05
2.493860000000000000e+05
2.493870000000000000e+05
2.493880000000000000e+05
2.493890000000000000e+05
2.493900000000000000e+05
2.493910000000000000e+05
2.493920000000000000e+05
2.493930000000000000e+05
2.493940000000000000e+05
2.493950000000000000e+05
2.493960000000000000e+05
2.493970000000000000e+05
2.493980000000000000e+05
2.493990000000000000e+05
2.494000000000000000e+05
2.494010000000000000e+05
2.494020000000000000e+05
2.494030000000000000e+05
2.494040000000000000e+05
2.494050000000000000e+05
2.494060000000000000e+05
2.494070000000000000e+05
2.494080000000000000e+05
2.494090000000000000e+05
2.494100000000000000e+05
2.494110000000000000e+05
2.494120000000000000e+05
2.494130000000000000e+05
2.494140000000000000e+05
2.494150000000000000e+05
2.494160000000000000e+05
2.494170000000000000e+05
2.494180000000000000e+05
2.494190000000000000e+05
2.494200000000000000e+05
2.494210000000000000e+05
2.494220000000000000e+05
2.494230000000000000e+05
2.494240000000000000e+05
2.494250000000000000e+05
2.494260000000000000e+05
2.494270000000000000e+05
2.494280000000000000e+05
2.494290000000000000e+05
2.494300000000000000e+05
2.494310000000000000e+05
2.494320000000000000e+05
2.494330000000000000e+05
2.494340000000000000e+05
2.494350000000000000e+05
2.494360000000000000e+05
2.494370000000000000e+05
2.494380000000000000e+05
2.494390000000000000e+05
2.494400000000000000e+05
2.494410000000000000e+05
2.494420000000000000e+05
2.494430000000000000e+05
2.494440000000000000e+05
2.494450000000000000e+05
2.494460000000000000e+05
2.494470000000000000e+05
2.494480000000000000e+05
2.494490000000000000e+05
2.494500000000000000e+05
2.494510000000000000e+05
2.494520000000000000e+05
2.494530000000000000e+05
2.494540000000000000e+05
2.494550000000000000e+05
2.494560000000000000e+05
2.494570000000000000e+05
2.494580000000000000e+05
2.494590000000000000e+05
2.494600000000000000e+05
2.494610000000000000e+05
2.494620000000000000e+05
2.494630000000000000e+05
2.494640000000000000e+05
2.494650000000000000e+05
2.494660000000000000e+05
2.494670000000000000e+05
2.494680000000000000e+05
2.494690000000000000e+05
2.494700000000000000e+05
2.494710000000000000e+05
2.494720000000000000e+05
2.494730000000000000e+05
2.494740000000000000e+05
2.494750000000000000e+05
2.494760000000000000e+05
2.494770000000000000e+05
2.494780000000000000e+05
2.494790000000000000e+05
2.494800000000000000e+05
2.494810000000000000e+05
2.494820000000000000e+05
2.494830000000000000e+05
2.494840000000000000e+05
2.494850000000000000e+05
2.494860000000000000e+05
2.494870000000000000e+05
2.494880000000000000e+05
2.494890000000000000e+05
2.494900000000000000e+05
2.494910000000000000e+05
2.494920000000000000e+05
2.494930000000000000e+05
2.494940000000000000e+05
2.494950000000000000e+05
2.494960000000000000e+05
2.494970000000000000e+05
2.494980000000000000e+05
2.494990000000000000e+05
2.495000000000000000e+05
2.495010000000000000e+05
2.495020000000000000e+05
2.495030000000000000e+05
2.495040000000000000e+05
2.495050000000000000e+05
2.495060000000000000e+05
2.495070000000000000e+05
2.495080000000000000e+05
2.495090000000000000e+05
2.495100000000000000e+05
2.495110000000000000e+05
2.495120000000000000e+05
2.495130000000000000e+05
2.495140000000000000e+05
2.495150000000000000e+05
2.495160000000000000e+05
2.495170000000000000e+05
2.495180000000000000e+05
2.495190000000000000e+05
2.495200000000000000e+05
2.495210000000000000e+05
2.495220000000000000e+05
2.495230000000000000e+05
2.495240000000000000e+05
2.495250000000000000e+05
2.495260000000000000e+05
2.495270000000000000e+05
2.495280000000000000e+05
2.495290000000000000e+05
2.495300000000000000e+05
2.495310000000000000e+05
2.495320000000000000e+05
2.495330000000000000e+05
2.495340000000000000e+05
2.495350000000000000e+05
2.495360000000000000e+05
2.495370000000000000e+05
2.495380000000000000e+05
2.495390000000000000e+05
2.495400000000000000e+05
2.495410000000000000e+05
2.495420000000000000e+05
2.495430000000000000e+05
2.495440000000000000e+05
2.495450000000000000e+05
2.495460000000000000e+05
2.495470000000000000e+05
2.495480000000000000e+05
2.495490000000000000e+05
2.495500000000000000e+05
2.495510000000000000e+05
2.495520000000000000e+05
2.495530000000000000e+05
2.495540000000000000e+05
2.495550000000000000e+05
2.495560000000000000e+05
2.495570000000000000e+05
2.495580000000000000e+05
2.495590000000000000e+05
2.495600000000000000e+05
2.495610000000000000e+05
2.495620000000000000e+05
2.495630000000000000e+05
2.495640000000000000e+05
2.495650000000000000e+05
2.495660000000000000e+05
2.495670000000000000e+05
2.495680000000000000e+05
2.495690000000000000e+05
2.495700000000000000e+05
2.495710000000000000e+05
2.495720000000000000e+05
2.495730000000000000e+05
2.495740000000000000e+05
2.495750000000000000e+05
2.495760000000000000e+05
2.495770000000000000e+05
2.495780000000000000e+05
2.495790000000000000e+05
2.495800000000000000e+05
2.495810000000000000e+05
2.495820000000000000e+05
2.495830000000000000e+05
2.495840000000000000e+05
2.495850000000000000e+05
2.495860000000000000e+05
2.495870000000000000e+05
2.495880000000000000e+05
2.495890000000000000e+05
2.495900000000000000e+05
2.495910000000000000e+05
2.495920000000000000e+05
2.495930000000000000e+05
2.495940000000000000e+05
2.495950000000000000e+05
2.495960000000000000e+05
2.495970000000000000e+05
2.495980000000000000e+05
2.495990000000000000e+05
2.496000000000000000e+05
2.496010000000000000e+05
2.496020000000000000e+05
2.496030000000000000e+05
2.496040000000000000e+05
2.496050000000000000e+05
2.496060000000000000e+05
2.496070000000000000e+05
2.496080000000000000e+05
2.496090000000000000e+05
2.496100000000000000e+05
2.496110000000000000e+05
2.496120000000000000e+05
2.496130000000000000e+05
2.496140000000000000e+05
2.496150000000000000e+05
2.496160000000000000e+05
2.496170000000000000e+05
2.496180000000000000e+05
2.496190000000000000e+05
2.496200000000000000e+05
2.496210000000000000e+05
2.496220000000000000e+05
2.496230000000000000e+05
2.496240000000000000e+05
2.496250000000000000e+05
2.496260000000000000e+05
2.496270000000000000e+05
2.496280000000000000e+05
2.496290000000000000e+05
2.496300000000000000e+05
2.496310000000000000e+05
2.496320000000000000e+05
2.496330000000000000e+05
2.496340000000000000e+05
2.496350000000000000e+05
2.496360000000000000e+05
2.496370000000000000e+05
2.496380000000000000e+05
2.496390000000000000e+05
2.496400000000000000e+05
2.496410000000000000e+05
2.496420000000000000e+05
2.496430000000000000e+05
2.496440000000000000e+05
2.496450000000000000e+05
2.496460000000000000e+05
2.496470000000000000e+05
2.496480000000000000e+05
2.496490000000000000e+05
2.496500000000000000e+05
2.496510000000000000e+05
2.496520000000000000e+05
2.496530000000000000e+05
2.496540000000000000e+05
2.496550000000000000e+05
2.496560000000000000e+05
2.496570000000000000e+05
2.496580000000000000e+05
2.496590000000000000e+05
2.496600000000000000e+05
2.496610000000000000e+05
2.496620000000000000e+05
2.496630000000000000e+05
2.496640000000000000e+05
2.496650000000000000e+05
2.496660000000000000e+05
2.496670000000000000e+05
2.496680000000000000e+05
2.496690000000000000e+05
2.496700000000000000e+05
2.496710000000000000e+05
2.496720000000000000e+05
2.496730000000000000e+05
2.496740000000000000e+05
2.496750000000000000e+05
2.496760000000000000e+05
2.496770000000000000e+05
2.496780000000000000e+05
2.496790000000000000e+05
2.496800000000000000e+05
2.496810000000000000e+05
2.496820000000000000e+05
2.496830000000000000e+05
2.496840000000000000e+05
2.496850000000000000e+05
2.496860000000000000e+05
2.496870000000000000e+05
2.496880000000000000e+05
2.496890000000000000e+05
2.496900000000000000e+05
2.496910000000000000e+05
2.496920000000000000e+05
2.496930000000000000e+05
2.496940000000000000e+05
2.496950000000000000e+05
2.496960000000000000e+05
2.496970000000000000e+05
2.496980000000000000e+05
2.496990000000000000e+05
2.497000000000000000e+05
2.497010000000000000e+05
2.497020000000000000e+05
2.497030000000000000e+05
2.497040000000000000e+05
2.497050000000000000e+05
2.497060000000000000e+05
2.497070000000000000e+05
2.497080000000000000e+05
2.497090000000000000e+05
2.497100000000000000e+05
2.497110000000000000e+05
2.497120000000000000e+05
2.497130000000000000e+05
2.497140000000000000e+05
2.497150000000000000e+05
2.497160000000000000e+05
2.497170000000000000e+05
2.497180000000000000e+05
2.497190000000000000e+05
2.497200000000000000e+05
2.497210000000000000e+05
2.497220000000000000e+05
2.497230000000000000e+05
2.497240000000000000e+05
2.497250000000000000e+05
2.497260000000000000e+05
2.497270000000000000e+05
2.497280000000000000e+05
2.497290000000000000e+05
2.497300000000000000e+05
2.497310000000000000e+05
2.497320000000000000e+05
2.497330000000000000e+05
2.497340000000000000e+05
2.497350000000000000e+05
2.497360000000000000e+05
2.497370000000000000e+05
2.497380000000000000e+05
2.497390000000000000e+05
2.497400000000000000e+05
2.497410000000000000e+05
2.497420000000000000e+05
2.497430000000000000e+05
2.497440000000000000e+05
2.497450000000000000e+05
2.497460000000000000e+05
2.497470000000000000e+05
2.497480000000000000e+05
2.497490000000000000e+05
2.497500000000000000e+05
2.497510000000000000e+05
2.497520000000000000e+05
2.497530000000000000e+05
2.497540000000000000e+05
2.497550000000000000e+05
2.497560000000000000e+05
2.497570000000000000e+05
2.497580000000000000e+05
2.497590000000000000e+05
2.497600000000000000e+05
2.497610000000000000e+05
2.497620000000000000e+05
2.497630000000000000e+05
2.497640000000000000e+05
2.497650000000000000e+05
2.497660000000000000e+05
2.497670000000000000e+05
2.497680000000000000e+05
2.497690000000000000e+05
2.497700000000000000e+05
2.497710000000000000e+05
2.497720000000000000e+05
2.497730000000000000e+05
2.497740000000000000e+05
2.497750000000000000e+05
2.497760000000000000e+05
2.497770000000000000e+05
2.497780000000000000e+05
2.497790000000000000e+05
2.497800000000000000e+05
2.497810000000000000e+05
2.497820000000000000e+05
2.497830000000000000e+05
2.497840000000000000e+05
2.497850000000000000e+05
2.497860000000000000e+05
2.497870000000000000e+05
2.497880000000000000e+05
2.497890000000000000e+05
2.497900000000000000e+05
2.497910000000000000e+05
2.497920000000000000e+05
2.497930000000000000e+05
2.497940000000000000e+05
2.497950000000000000e+05
2.497960000000000000e+05
2.497970000000000000e+05
2.497980000000000000e+05
2.497990000000000000e+05
2.498000000000000000e+05
2.498010000000000000e+05
2.498020000000000000e+05
2.498030000000000000e+05
2.498040000000000000e+05
2.498050000000000000e+05
2.498060000000000000e+05
2.498070000000000000e+05
2.498080000000000000e+05
2.498090000000000000e+05
2.498100000000000000e+05
2.498110000000000000e+05
2.498120000000000000e+05
2.498130000000000000e+05
2.498140000000000000e+05
2.498150000000000000e+05
2.498160000000000000e+05
2.498170000000000000e+05
2.498180000000000000e+05
2.498190000000000000e+05
2.498200000000000000e+05
2.498210000000000000e+05
2.498220000000000000e+05
2.498230000000000000e+05
2.498240000000000000e+05
2.498250000000000000e+05
2.498260000000000000e+05
2.498270000000000000e+05
2.498280000000000000e+05
2.498290000000000000e+05
2.498300000000000000e+05
2.498310000000000000e+05
2.498320000000000000e+05
2.498330000000000000e+05
2.498340000000000000e+05
2.498350000000000000e+05
2.498360000000000000e+05
2.498370000000000000e+05
2.498380000000000000e+05
2.498390000000000000e+05
2.498400000000000000e+05
2.498410000000000000e+05
2.498420000000000000e+05
2.498430000000000000e+05
2.498440000000000000e+05
2.498450000000000000e+05
2.498460000000000000e+05
2.498470000000000000e+05
2.498480000000000000e+05
2.498490000000000000e+05
2.498500000000000000e+05
2.498510000000000000e+05
2.498520000000000000e+05
2.498530000000000000e+05
2.498540000000000000e+05
2.498550000000000000e+05
2.498560000000000000e+05
2.498570000000000000e+05
2.498580000000000000e+05
2.498590000000000000e+05
2.498600000000000000e+05
2.498610000000000000e+05
2.498620000000000000e+05
2.498630000000000000e+05
2.498830000000000000e+05
2.498840000000000000e+05
2.498850000000000000e+05
2.498860000000000000e+05
2.498870000000000000e+05
2.498940000000000000e+05
2.498950000000000000e+05
2.498960000000000000e+05
2.498970000000000000e+05
2.498980000000000000e+05
2.498990000000000000e+05
2.499000000000000000e+05
2.499010000000000000e+05
2.499020000000000000e+05
2.499030000000000000e+05
2.499040000000000000e+05
2.499050000000000000e+05
2.499060000000000000e+05
2.499070000000000000e+05
2.499080000000000000e+05
2.499090000000000000e+05
2.499100000000000000e+05
2.499110000000000000e+05
2.499120000000000000e+05
2.499130000000000000e+05
2.499140000000000000e+05
2.499150000000000000e+05
2.499160000000000000e+05
2.499170000000000000e+05
2.499180000000000000e+05
2.499190000000000000e+05
2.499200000000000000e+05
2.499210000000000000e+05
2.499220000000000000e+05
2.499230000000000000e+05
2.499240000000000000e+05
2.499250000000000000e+05
2.499260000000000000e+05
2.499270000000000000e+05
2.499280000000000000e+05
2.499290000000000000e+05
2.499300000000000000e+05
2.499310000000000000e+05
2.499320000000000000e+05
2.499330000000000000e+05
2.499340000000000000e+05
2.499350000000000000e+05
2.499360000000000000e+05
2.499370000000000000e+05
2.499380000000000000e+05
2.499390000000000000e+05
2.499400000000000000e+05
2.499410000000000000e+05
2.499420000000000000e+05
2.499430000000000000e+05
2.499440000000000000e+05
2.499450000000000000e+05
2.499460000000000000e+05
2.499470000000000000e+05
2.499480000000000000e+05
2.499490000000000000e+05
2.499500000000000000e+05
2.499510000000000000e+05
2.499520000000000000e+05
2.499530000000000000e+05
2.499540000000000000e+05
2.499550000000000000e+05
2.499560000000000000e+05
2.499570000000000000e+05
2.499580000000000000e+05
2.499590000000000000e+05
2.499600000000000000e+05
2.499610000000000000e+05
2.499620000000000000e+05
2.499630000000000000e+05
2.499640000000000000e+05
2.499650000000000000e+05
2.499660000000000000e+05
2.499670000000000000e+05
2.499680000000000000e+05
2.499690000000000000e+05
2.499700000000000000e+05
2.499710000000000000e+05
2.499720000000000000e+05
2.499730000000000000e+05
2.499740000000000000e+05
2.499750000000000000e+05
2.499760000000000000e+05
2.499770000000000000e+05
2.499780000000000000e+05
2.499790000000000000e+05
2.499800000000000000e+05
2.499810000000000000e+05
2.499820000000000000e+05
2.499830000000000000e+05
2.499840000000000000e+05
2.499850000000000000e+05
2.499860000000000000e+05
2.499870000000000000e+05
2.499880000000000000e+05
2.499890000000000000e+05
2.499900000000000000e+05
2.499910000000000000e+05
2.499920000000000000e+05
2.499930000000000000e+05
2.499940000000000000e+05
2.499950000000000000e+05
2.499960000000000000e+05
2.499970000000000000e+05
2.499980000000000000e+05
2.499990000000000000e+05
2.500000000000000000e+05
2.500010000000000000e+05
2.500020000000000000e+05
2.500030000000000000e+05
2.500040000000000000e+05
2.500050000000000000e+05
2.500060000000000000e+05
2.500070000000000000e+05
2.500080000000000000e+05
2.500090000000000000e+05
2.500100000000000000e+05
2.500110000000000000e+05
2.500120000000000000e+05
2.500130000000000000e+05
2.500140000000000000e+05
2.500150000000000000e+05
2.500160000000000000e+05
2.500170000000000000e+05
2.500180000000000000e+05
2.500190000000000000e+05
2.500200000000000000e+05
2.500210000000000000e+05
2.500220000000000000e+05
2.500230000000000000e+05
2.500240000000000000e+05
2.500250000000000000e+05
2.500260000000000000e+05
2.500270000000000000e+05
2.500280000000000000e+05
2.500290000000000000e+05
2.500300000000000000e+05
2.500310000000000000e+05
2.500320000000000000e+05
2.500330000000000000e+05
2.500340000000000000e+05
2.500350000000000000e+05
2.500360000000000000e+05
2.500370000000000000e+05
2.500380000000000000e+05
2.500390000000000000e+05
2.500400000000000000e+05
2.500410000000000000e+05
2.500420000000000000e+05
2.500430000000000000e+05
2.500440000000000000e+05
2.500450000000000000e+05
2.500460000000000000e+05
2.500470000000000000e+05
2.500480000000000000e+05
2.500490000000000000e+05
2.500500000000000000e+05
2.500510000000000000e+05
2.500520000000000000e+05
2.500530000000000000e+05
2.500540000000000000e+05
2.500550000000000000e+05
2.500560000000000000e+05
2.500570000000000000e+05
2.500580000000000000e+05
2.500590000000000000e+05
2.500600000000000000e+05
2.500610000000000000e+05
2.500620000000000000e+05
2.500630000000000000e+05
2.500640000000000000e+05
2.500650000000000000e+05
2.500660000000000000e+05
2.500670000000000000e+05
2.500680000000000000e+05
2.500690000000000000e+05
2.500700000000000000e+05
2.500710000000000000e+05
2.500720000000000000e+05
2.500730000000000000e+05
2.500740000000000000e+05
2.500750000000000000e+05
2.500760000000000000e+05
2.500770000000000000e+05
2.500780000000000000e+05
2.500790000000000000e+05
2.500800000000000000e+05
2.500810000000000000e+05
2.500820000000000000e+05
2.500830000000000000e+05
2.500840000000000000e+05
2.500850000000000000e+05
2.500860000000000000e+05
2.500870000000000000e+05
2.500880000000000000e+05
2.500890000000000000e+05
2.500900000000000000e+05
2.500910000000000000e+05
2.500920000000000000e+05
2.500930000000000000e+05
2.500940000000000000e+05
2.500950000000000000e+05
2.500960000000000000e+05
2.500970000000000000e+05
2.500980000000000000e+05
2.500990000000000000e+05
2.501000000000000000e+05
2.501010000000000000e+05
2.501020000000000000e+05
2.501030000000000000e+05
2.501040000000000000e+05
2.501050000000000000e+05
2.501060000000000000e+05
2.501070000000000000e+05
2.501080000000000000e+05
2.501090000000000000e+05
2.501100000000000000e+05
2.501110000000000000e+05
2.501120000000000000e+05
2.501130000000000000e+05
2.501140000000000000e+05
2.501150000000000000e+05
2.501160000000000000e+05
2.501170000000000000e+05
2.501180000000000000e+05
2.501190000000000000e+05
2.501200000000000000e+05
2.501210000000000000e+05
2.501220000000000000e+05
2.501230000000000000e+05
2.501240000000000000e+05
2.501250000000000000e+05
2.501260000000000000e+05
2.501270000000000000e+05
2.501280000000000000e+05
2.501290000000000000e+05
2.501300000000000000e+05
2.501310000000000000e+05
2.501320000000000000e+05
2.501330000000000000e+05
2.501340000000000000e+05
2.501350000000000000e+05
2.501360000000000000e+05
2.501370000000000000e+05
2.501380000000000000e+05
2.501390000000000000e+05
2.501400000000000000e+05
2.501410000000000000e+05
2.501420000000000000e+05
2.501430000000000000e+05
2.501440000000000000e+05
2.501450000000000000e+05
2.501460000000000000e+05
2.501470000000000000e+05
2.501480000000000000e+05
2.501490000000000000e+05
2.501500000000000000e+05
2.501510000000000000e+05
2.501520000000000000e+05
2.501530000000000000e+05
2.501540000000000000e+05
2.501550000000000000e+05
2.501560000000000000e+05
2.501570000000000000e+05
2.501580000000000000e+05
2.501590000000000000e+05
2.501600000000000000e+05
2.501610000000000000e+05
2.501620000000000000e+05
2.501630000000000000e+05
2.501640000000000000e+05
2.501650000000000000e+05
2.501660000000000000e+05
2.501670000000000000e+05
2.501680000000000000e+05
2.501690000000000000e+05
2.501700000000000000e+05
2.501710000000000000e+05
2.501720000000000000e+05
2.501730000000000000e+05
2.501740000000000000e+05
2.501750000000000000e+05
2.501760000000000000e+05
2.501860000000000000e+05
2.501870000000000000e+05
2.501880000000000000e+05
2.501890000000000000e+05
2.501900000000000000e+05
2.501910000000000000e+05
2.501920000000000000e+05
2.501930000000000000e+05
2.501940000000000000e+05
2.501950000000000000e+05
2.501960000000000000e+05
2.501970000000000000e+05
2.501980000000000000e+05
2.501990000000000000e+05
2.502000000000000000e+05
2.502010000000000000e+05
2.502020000000000000e+05
2.502030000000000000e+05
2.502040000000000000e+05
2.502050000000000000e+05
2.502060000000000000e+05
2.502070000000000000e+05
2.502080000000000000e+05
2.502090000000000000e+05
2.502100000000000000e+05
2.502110000000000000e+05
2.502120000000000000e+05
2.502130000000000000e+05
2.502140000000000000e+05
2.502150000000000000e+05
2.502160000000000000e+05
2.502170000000000000e+05
2.502180000000000000e+05
2.502190000000000000e+05
2.502200000000000000e+05
2.502210000000000000e+05
2.502220000000000000e+05
2.502230000000000000e+05
2.502240000000000000e+05
2.502250000000000000e+05
2.502260000000000000e+05
2.502270000000000000e+05
2.502280000000000000e+05
2.502290000000000000e+05
2.502300000000000000e+05
2.502310000000000000e+05
2.502320000000000000e+05
2.502330000000000000e+05
2.502340000000000000e+05
2.502350000000000000e+05
2.502360000000000000e+05
2.502370000000000000e+05
2.502380000000000000e+05
2.502390000000000000e+05
2.502400000000000000e+05
2.502410000000000000e+05
2.502420000000000000e+05
2.502430000000000000e+05
2.502440000000000000e+05
2.502450000000000000e+05
2.502460000000000000e+05
2.502470000000000000e+05
2.502480000000000000e+05
2.502490000000000000e+05
2.502500000000000000e+05
2.502510000000000000e+05
2.502520000000000000e+05
2.502530000000000000e+05
2.502540000000000000e+05
2.502550000000000000e+05
2.502560000000000000e+05
2.502570000000000000e+05
2.502580000000000000e+05
2.502590000000000000e+05
2.502600000000000000e+05
2.502610000000000000e+05
2.502620000000000000e+05
2.502630000000000000e+05
2.502640000000000000e+05
2.502650000000000000e+05
2.502660000000000000e+05
2.502670000000000000e+05
2.502680000000000000e+05
2.502690000000000000e+05
2.502700000000000000e+05
2.502710000000000000e+05
2.502720000000000000e+05
2.502730000000000000e+05
2.502740000000000000e+05
2.502750000000000000e+05
2.502760000000000000e+05
2.502770000000000000e+05
2.502780000000000000e+05
2.502790000000000000e+05
2.502800000000000000e+05
2.502810000000000000e+05
2.502820000000000000e+05
2.502830000000000000e+05
2.502840000000000000e+05
2.502850000000000000e+05
2.502860000000000000e+05
2.502870000000000000e+05
2.502880000000000000e+05
2.502890000000000000e+05
2.502900000000000000e+05
2.502910000000000000e+05
2.502920000000000000e+05
2.502930000000000000e+05
2.502940000000000000e+05
2.502950000000000000e+05
2.502960000000000000e+05
2.502970000000000000e+05
2.502980000000000000e+05
2.502990000000000000e+05
2.503000000000000000e+05
2.503010000000000000e+05
2.503020000000000000e+05
2.503030000000000000e+05
2.503040000000000000e+05
2.503050000000000000e+05
2.503060000000000000e+05
2.503070000000000000e+05
2.503080000000000000e+05
2.503090000000000000e+05
2.503100000000000000e+05
2.503110000000000000e+05
2.503120000000000000e+05
2.503130000000000000e+05
2.503140000000000000e+05
2.503150000000000000e+05
2.503160000000000000e+05
2.503170000000000000e+05
2.503180000000000000e+05
2.503190000000000000e+05
2.503200000000000000e+05
2.503210000000000000e+05
2.503220000000000000e+05
2.503230000000000000e+05
2.503240000000000000e+05
2.503250000000000000e+05
2.503260000000000000e+05
2.503270000000000000e+05
2.503280000000000000e+05
2.503290000000000000e+05
2.503300000000000000e+05
2.503310000000000000e+05
2.503320000000000000e+05
2.503330000000000000e+05
2.503340000000000000e+05
2.503350000000000000e+05
2.503360000000000000e+05
2.503370000000000000e+05
2.503380000000000000e+05
2.503390000000000000e+05
2.503400000000000000e+05
2.503410000000000000e+05
2.503420000000000000e+05
2.503430000000000000e+05
2.503440000000000000e+05
2.503450000000000000e+05
2.503460000000000000e+05
2.503470000000000000e+05
2.503480000000000000e+05
2.503490000000000000e+05
2.503500000000000000e+05
2.503510000000000000e+05
2.503520000000000000e+05
2.503530000000000000e+05
2.503540000000000000e+05
2.503550000000000000e+05
2.503560000000000000e+05
2.503570000000000000e+05
2.503580000000000000e+05
2.503590000000000000e+05
2.503600000000000000e+05
2.503610000000000000e+05
2.503620000000000000e+05
2.503630000000000000e+05
2.503640000000000000e+05
2.503650000000000000e+05
2.503660000000000000e+05
2.503670000000000000e+05
2.503680000000000000e+05
2.503690000000000000e+05
2.503700000000000000e+05
2.503710000000000000e+05
2.503720000000000000e+05
2.503730000000000000e+05
2.503740000000000000e+05
2.503750000000000000e+05
2.503760000000000000e+05
2.503770000000000000e+05
2.503780000000000000e+05
2.503790000000000000e+05
2.503800000000000000e+05
2.503810000000000000e+05
2.503820000000000000e+05
2.503830000000000000e+05
2.503840000000000000e+05
2.503850000000000000e+05
2.503860000000000000e+05
2.503870000000000000e+05
2.503880000000000000e+05
2.503890000000000000e+05
2.503900000000000000e+05
2.503910000000000000e+05
2.503920000000000000e+05
2.503930000000000000e+05
2.503940000000000000e+05
2.503950000000000000e+05
2.503960000000000000e+05
2.503970000000000000e+05
2.503980000000000000e+05
2.503990000000000000e+05
2.504000000000000000e+05
2.504010000000000000e+05
2.504020000000000000e+05
2.504030000000000000e+05
2.504040000000000000e+05
2.504050000000000000e+05
2.504060000000000000e+05
2.504070000000000000e+05
2.504080000000000000e+05
2.504090000000000000e+05
2.504100000000000000e+05
2.504110000000000000e+05
2.504120000000000000e+05
2.504130000000000000e+05
2.504140000000000000e+05
2.504150000000000000e+05
2.504160000000000000e+05
2.504170000000000000e+05
2.504180000000000000e+05
2.504190000000000000e+05
2.504200000000000000e+05
2.504210000000000000e+05
2.504220000000000000e+05
2.504230000000000000e+05
2.504240000000000000e+05
2.504250000000000000e+05
2.504260000000000000e+05
2.504270000000000000e+05
2.504280000000000000e+05
2.504290000000000000e+05
2.504300000000000000e+05
2.504310000000000000e+05
2.504320000000000000e+05
2.504330000000000000e+05
2.504340000000000000e+05
2.504350000000000000e+05
2.504360000000000000e+05
2.504370000000000000e+05
2.504380000000000000e+05
2.504390000000000000e+05
2.504400000000000000e+05
2.504410000000000000e+05
2.504420000000000000e+05
2.504430000000000000e+05
2.504440000000000000e+05
2.504450000000000000e+05
2.504460000000000000e+05
2.504560000000000000e+05
2.504570000000000000e+05
2.504580000000000000e+05
2.504590000000000000e+05
2.504600000000000000e+05
2.504610000000000000e+05
2.504620000000000000e+05
2.504630000000000000e+05
2.504700000000000000e+05
2.504710000000000000e+05
2.504720000000000000e+05
2.504730000000000000e+05
2.504740000000000000e+05
2.504750000000000000e+05
2.504760000000000000e+05
2.504770000000000000e+05
2.504780000000000000e+05
2.504790000000000000e+05
2.504800000000000000e+05
2.504810000000000000e+05
2.504820000000000000e+05
2.504830000000000000e+05
2.504840000000000000e+05
2.504850000000000000e+05
2.504860000000000000e+05
2.504870000000000000e+05
2.504880000000000000e+05
2.504890000000000000e+05
2.504900000000000000e+05
2.504910000000000000e+05
2.504920000000000000e+05
2.504930000000000000e+05
2.504940000000000000e+05
2.504950000000000000e+05
2.504960000000000000e+05
2.504970000000000000e+05
2.504980000000000000e+05
2.504990000000000000e+05
2.505000000000000000e+05
2.505010000000000000e+05
2.505020000000000000e+05
2.505030000000000000e+05
2.505040000000000000e+05
2.505050000000000000e+05
2.505060000000000000e+05
2.505070000000000000e+05
2.505080000000000000e+05
2.505090000000000000e+05
2.505100000000000000e+05
2.505110000000000000e+05
2.505120000000000000e+05
2.505130000000000000e+05
2.505140000000000000e+05
2.505150000000000000e+05
2.505160000000000000e+05
2.505170000000000000e+05
2.505180000000000000e+05
2.505190000000000000e+05
2.505200000000000000e+05
2.505210000000000000e+05
2.505220000000000000e+05
2.505230000000000000e+05
2.505240000000000000e+05
2.505250000000000000e+05
2.505260000000000000e+05
2.505270000000000000e+05
2.505280000000000000e+05
2.505290000000000000e+05
2.505300000000000000e+05
2.505310000000000000e+05
2.505320000000000000e+05
2.505330000000000000e+05
2.505340000000000000e+05
2.505350000000000000e+05
2.505360000000000000e+05
2.505370000000000000e+05
2.505380000000000000e+05
2.505390000000000000e+05
2.505400000000000000e+05
2.505410000000000000e+05
2.505420000000000000e+05
2.505430000000000000e+05
2.505440000000000000e+05
2.505450000000000000e+05
2.505460000000000000e+05
2.505470000000000000e+05
2.505480000000000000e+05
2.505490000000000000e+05
2.505500000000000000e+05
2.505510000000000000e+05
2.505520000000000000e+05
2.505530000000000000e+05
2.505540000000000000e+05
2.505550000000000000e+05
2.505560000000000000e+05
2.505570000000000000e+05
2.505580000000000000e+05
2.505590000000000000e+05
2.505600000000000000e+05
2.505610000000000000e+05
2.505620000000000000e+05
2.505630000000000000e+05
2.505640000000000000e+05
2.505650000000000000e+05
2.505660000000000000e+05
2.505670000000000000e+05
2.505680000000000000e+05
2.505690000000000000e+05
2.505700000000000000e+05
2.505710000000000000e+05
2.505720000000000000e+05
2.505730000000000000e+05
2.505740000000000000e+05
2.505750000000000000e+05
2.505760000000000000e+05
2.505770000000000000e+05
2.505780000000000000e+05
2.505790000000000000e+05
2.505800000000000000e+05
2.505810000000000000e+05
2.505820000000000000e+05
2.505830000000000000e+05
2.505840000000000000e+05
2.505850000000000000e+05
2.505860000000000000e+05
2.505870000000000000e+05
2.505880000000000000e+05
2.505890000000000000e+05
2.505900000000000000e+05
2.505910000000000000e+05
2.505920000000000000e+05
2.505930000000000000e+05
2.505940000000000000e+05
2.505950000000000000e+05
2.505960000000000000e+05
2.505970000000000000e+05
2.505980000000000000e+05
2.505990000000000000e+05
2.506000000000000000e+05
2.506010000000000000e+05
2.506020000000000000e+05
2.506030000000000000e+05
2.506040000000000000e+05
2.506050000000000000e+05
2.506060000000000000e+05
2.506070000000000000e+05
2.506080000000000000e+05
2.506090000000000000e+05
2.506100000000000000e+05
2.506110000000000000e+05
2.506120000000000000e+05
2.506130000000000000e+05
2.506140000000000000e+05
2.506150000000000000e+05
2.506160000000000000e+05
2.506170000000000000e+05
2.506180000000000000e+05
2.506190000000000000e+05
2.506200000000000000e+05
2.506210000000000000e+05
2.506220000000000000e+05
2.506230000000000000e+05
2.506240000000000000e+05
2.506250000000000000e+05
2.506260000000000000e+05
2.506270000000000000e+05
2.506280000000000000e+05
2.506290000000000000e+05
2.506300000000000000e+05
2.506310000000000000e+05
2.506320000000000000e+05
2.506330000000000000e+05
2.506340000000000000e+05
2.506350000000000000e+05
2.506360000000000000e+05
2.506370000000000000e+05
2.506380000000000000e+05
2.506390000000000000e+05
2.506400000000000000e+05
2.506410000000000000e+05
2.506420000000000000e+05
2.506430000000000000e+05
2.506440000000000000e+05
2.506450000000000000e+05
2.506460000000000000e+05
2.506470000000000000e+05
2.506480000000000000e+05
2.506490000000000000e+05
2.506500000000000000e+05
2.506510000000000000e+05
2.506520000000000000e+05
2.506530000000000000e+05
2.506540000000000000e+05
2.506550000000000000e+05
2.506560000000000000e+05
2.506570000000000000e+05
2.506580000000000000e+05
2.506590000000000000e+05
2.506600000000000000e+05
2.506610000000000000e+05
2.506620000000000000e+05
2.506630000000000000e+05
2.506640000000000000e+05
2.506650000000000000e+05
2.506660000000000000e+05
2.506670000000000000e+05
2.506680000000000000e+05
2.506690000000000000e+05
2.506700000000000000e+05
2.506710000000000000e+05
2.506720000000000000e+05
2.506730000000000000e+05
2.506740000000000000e+05
2.506750000000000000e+05
2.506760000000000000e+05
2.506770000000000000e+05
2.506780000000000000e+05
2.506790000000000000e+05
2.506800000000000000e+05
2.506810000000000000e+05
2.506820000000000000e+05
2.506830000000000000e+05
2.506840000000000000e+05
2.506850000000000000e+05
2.506860000000000000e+05
2.506870000000000000e+05
2.506880000000000000e+05
2.506890000000000000e+05
2.506900000000000000e+05
2.506910000000000000e+05
2.506920000000000000e+05
2.506930000000000000e+05
2.506940000000000000e+05
2.506950000000000000e+05
2.506960000000000000e+05
2.506970000000000000e+05
2.506980000000000000e+05
2.506990000000000000e+05
2.507000000000000000e+05
2.507010000000000000e+05
2.507020000000000000e+05
2.507030000000000000e+05
2.507040000000000000e+05
2.507050000000000000e+05
2.507060000000000000e+05
2.507070000000000000e+05
2.507080000000000000e+05
2.507090000000000000e+05
2.507100000000000000e+05
2.507110000000000000e+05
2.507120000000000000e+05
2.507130000000000000e+05
2.507140000000000000e+05
2.507150000000000000e+05
2.507160000000000000e+05
2.507170000000000000e+05
2.507180000000000000e+05
2.507190000000000000e+05
2.507200000000000000e+05
2.507210000000000000e+05
2.507220000000000000e+05
2.507230000000000000e+05
2.507240000000000000e+05
2.507250000000000000e+05
2.507260000000000000e+05
2.507270000000000000e+05
2.507280000000000000e+05
2.507290000000000000e+05
2.507300000000000000e+05
2.507310000000000000e+05
2.507320000000000000e+05
2.507330000000000000e+05
2.507340000000000000e+05
2.507350000000000000e+05
2.507360000000000000e+05
2.507370000000000000e+05
2.507380000000000000e+05
2.507390000000000000e+05
2.507400000000000000e+05
2.507410000000000000e+05
2.507420000000000000e+05
2.507430000000000000e+05
2.507440000000000000e+05
2.507450000000000000e+05
2.507460000000000000e+05
2.507470000000000000e+05
2.507480000000000000e+05
2.507490000000000000e+05
2.507500000000000000e+05
2.507510000000000000e+05
2.507520000000000000e+05
2.507530000000000000e+05
2.507540000000000000e+05
2.507550000000000000e+05
2.507560000000000000e+05
2.507570000000000000e+05
2.507580000000000000e+05
2.507590000000000000e+05
2.507600000000000000e+05
2.507610000000000000e+05
2.507620000000000000e+05
2.507630000000000000e+05
2.507640000000000000e+05
2.507650000000000000e+05
2.507660000000000000e+05
2.507670000000000000e+05
2.507680000000000000e+05
2.507690000000000000e+05
2.507700000000000000e+05
2.507710000000000000e+05
2.507720000000000000e+05
2.507730000000000000e+05
2.507740000000000000e+05
2.507750000000000000e+05
2.507760000000000000e+05
2.507770000000000000e+05
2.507780000000000000e+05
2.507790000000000000e+05
2.507800000000000000e+05
2.507810000000000000e+05
2.507820000000000000e+05
2.507830000000000000e+05
2.507840000000000000e+05
2.507850000000000000e+05
2.507860000000000000e+05
2.507870000000000000e+05
2.507880000000000000e+05
2.507890000000000000e+05
2.507900000000000000e+05
2.507910000000000000e+05
2.507920000000000000e+05
2.507930000000000000e+05
2.507940000000000000e+05
2.507950000000000000e+05
2.507960000000000000e+05
2.507970000000000000e+05
2.507980000000000000e+05
2.507990000000000000e+05
2.508000000000000000e+05
2.508010000000000000e+05
2.508020000000000000e+05
2.508030000000000000e+05
2.508040000000000000e+05
2.508050000000000000e+05
2.508060000000000000e+05
2.508070000000000000e+05
2.508080000000000000e+05
2.508090000000000000e+05
2.508100000000000000e+05
2.508110000000000000e+05
2.508120000000000000e+05
2.508130000000000000e+05
2.508140000000000000e+05
2.508150000000000000e+05
2.508160000000000000e+05
2.508170000000000000e+05
2.508180000000000000e+05
2.508190000000000000e+05
2.508200000000000000e+05
2.508210000000000000e+05
2.508220000000000000e+05
2.508230000000000000e+05
2.508240000000000000e+05
2.508250000000000000e+05
2.508260000000000000e+05
2.508270000000000000e+05
2.508280000000000000e+05
2.508290000000000000e+05
2.508300000000000000e+05
2.508310000000000000e+05
2.508320000000000000e+05
2.508330000000000000e+05
2.508340000000000000e+05
2.508350000000000000e+05
2.508360000000000000e+05
2.508370000000000000e+05
2.508380000000000000e+05
2.508390000000000000e+05
2.508400000000000000e+05
2.508410000000000000e+05
2.508420000000000000e+05
2.508430000000000000e+05
2.508440000000000000e+05
2.508450000000000000e+05
2.508460000000000000e+05
2.508470000000000000e+05
2.508480000000000000e+05
2.508490000000000000e+05
2.508500000000000000e+05
2.508510000000000000e+05
2.508520000000000000e+05
2.508530000000000000e+05
2.508540000000000000e+05
2.508550000000000000e+05
2.508560000000000000e+05
2.508570000000000000e+05
2.508580000000000000e+05
2.508590000000000000e+05
2.508600000000000000e+05
2.508610000000000000e+05
2.508620000000000000e+05
2.508630000000000000e+05
2.508640000000000000e+05
2.508650000000000000e+05
2.508660000000000000e+05
2.508670000000000000e+05
2.508680000000000000e+05
2.508690000000000000e+05
2.508700000000000000e+05
2.508710000000000000e+05
2.508720000000000000e+05
2.508730000000000000e+05
2.508740000000000000e+05
2.508750000000000000e+05
2.508760000000000000e+05
2.508770000000000000e+05
2.508780000000000000e+05
2.508790000000000000e+05
2.508800000000000000e+05
2.508810000000000000e+05
2.508820000000000000e+05
2.508830000000000000e+05
2.508840000000000000e+05
2.508850000000000000e+05
2.508860000000000000e+05
2.508870000000000000e+05
2.508880000000000000e+05
2.508890000000000000e+05
2.508900000000000000e+05
2.508910000000000000e+05
2.508920000000000000e+05
2.508930000000000000e+05
2.508940000000000000e+05
2.508950000000000000e+05
2.508960000000000000e+05
2.508970000000000000e+05
2.508980000000000000e+05
2.508990000000000000e+05
2.509000000000000000e+05
2.509010000000000000e+05
2.509020000000000000e+05
2.509030000000000000e+05
2.509040000000000000e+05
2.509050000000000000e+05
2.509060000000000000e+05
2.509070000000000000e+05
2.509080000000000000e+05
2.509090000000000000e+05
2.509100000000000000e+05
2.509110000000000000e+05
2.509120000000000000e+05
2.509130000000000000e+05
2.509140000000000000e+05
2.509150000000000000e+05
2.509160000000000000e+05
2.509170000000000000e+05
2.509180000000000000e+05
2.509190000000000000e+05
2.509200000000000000e+05
2.509210000000000000e+05
2.509220000000000000e+05
2.509230000000000000e+05
2.509240000000000000e+05
2.509250000000000000e+05
2.509260000000000000e+05
2.509270000000000000e+05
2.509280000000000000e+05
2.509290000000000000e+05
2.509300000000000000e+05
2.509310000000000000e+05
2.509320000000000000e+05
2.509330000000000000e+05
2.509340000000000000e+05
2.509350000000000000e+05
2.509360000000000000e+05
2.509370000000000000e+05
2.509380000000000000e+05
2.509390000000000000e+05
2.509400000000000000e+05
2.509410000000000000e+05
2.509420000000000000e+05
2.509430000000000000e+05
2.509440000000000000e+05
2.509450000000000000e+05
2.509460000000000000e+05
2.509470000000000000e+05
2.509480000000000000e+05
2.509490000000000000e+05
2.509500000000000000e+05
2.509510000000000000e+05
2.509520000000000000e+05
2.509530000000000000e+05
2.509540000000000000e+05
2.509550000000000000e+05
2.509560000000000000e+05
2.509570000000000000e+05
2.509580000000000000e+05
2.509590000000000000e+05
2.509600000000000000e+05
2.509610000000000000e+05
2.509620000000000000e+05
2.509630000000000000e+05
2.509640000000000000e+05
2.509650000000000000e+05
2.509660000000000000e+05
2.509670000000000000e+05
2.509680000000000000e+05
2.509690000000000000e+05
2.509700000000000000e+05
2.509710000000000000e+05
2.509720000000000000e+05
2.509730000000000000e+05
2.509740000000000000e+05
2.509750000000000000e+05
2.509760000000000000e+05
2.509770000000000000e+05
2.509780000000000000e+05
2.509790000000000000e+05
2.509800000000000000e+05
2.509810000000000000e+05
2.509820000000000000e+05
2.509830000000000000e+05
2.509840000000000000e+05
2.509850000000000000e+05
2.509860000000000000e+05
2.509870000000000000e+05
2.509880000000000000e+05
2.509890000000000000e+05
2.509900000000000000e+05
2.509910000000000000e+05
2.509920000000000000e+05
2.509930000000000000e+05
2.509940000000000000e+05
2.509950000000000000e+05
2.509960000000000000e+05
2.509970000000000000e+05
2.509980000000000000e+05
2.509990000000000000e+05
2.510000000000000000e+05
2.510010000000000000e+05
2.510020000000000000e+05
2.510030000000000000e+05
2.510040000000000000e+05
2.510050000000000000e+05
2.510060000000000000e+05
2.510070000000000000e+05
2.510080000000000000e+05
2.510090000000000000e+05
2.510100000000000000e+05
2.510110000000000000e+05
2.510120000000000000e+05
2.510130000000000000e+05
2.510140000000000000e+05
2.510150000000000000e+05
2.510160000000000000e+05
2.510170000000000000e+05
2.510180000000000000e+05
2.510190000000000000e+05
2.510200000000000000e+05
2.510210000000000000e+05
2.510220000000000000e+05
2.510230000000000000e+05
2.510240000000000000e+05
2.510250000000000000e+05
2.510260000000000000e+05
2.510270000000000000e+05
2.510280000000000000e+05
2.510290000000000000e+05
2.510300000000000000e+05
2.510310000000000000e+05
2.510320000000000000e+05
2.510330000000000000e+05
2.510340000000000000e+05
2.510350000000000000e+05
2.510360000000000000e+05
2.510370000000000000e+05
2.510380000000000000e+05
2.510390000000000000e+05
2.510400000000000000e+05
2.510410000000000000e+05
2.510420000000000000e+05
2.510430000000000000e+05
2.510440000000000000e+05
2.510450000000000000e+05
2.510460000000000000e+05
2.510470000000000000e+05
2.510480000000000000e+05
2.510490000000000000e+05
2.510500000000000000e+05
2.510510000000000000e+05
2.510520000000000000e+05
2.510530000000000000e+05
2.510540000000000000e+05
2.510550000000000000e+05
2.510560000000000000e+05
2.510570000000000000e+05
2.510580000000000000e+05
2.510590000000000000e+05
2.510600000000000000e+05
2.510610000000000000e+05
2.510620000000000000e+05
2.510630000000000000e+05
2.510640000000000000e+05
2.510650000000000000e+05
2.510660000000000000e+05
2.510670000000000000e+05
2.510680000000000000e+05
2.510690000000000000e+05
2.510700000000000000e+05
2.510710000000000000e+05
2.510720000000000000e+05
2.510730000000000000e+05
2.510740000000000000e+05
2.510750000000000000e+05
2.510760000000000000e+05
2.510770000000000000e+05
2.510780000000000000e+05
2.510790000000000000e+05
2.510800000000000000e+05
2.510810000000000000e+05
2.510820000000000000e+05
2.510830000000000000e+05
2.510840000000000000e+05
2.510850000000000000e+05
2.510860000000000000e+05
2.510870000000000000e+05
2.510880000000000000e+05
2.510890000000000000e+05
2.510900000000000000e+05
2.510910000000000000e+05
2.510920000000000000e+05
2.510930000000000000e+05
2.510940000000000000e+05
2.510950000000000000e+05
2.510960000000000000e+05
2.510970000000000000e+05
2.510980000000000000e+05
2.510990000000000000e+05
2.511000000000000000e+05
2.511010000000000000e+05
2.511020000000000000e+05
2.511030000000000000e+05
2.511040000000000000e+05
2.511050000000000000e+05
2.511060000000000000e+05
2.511070000000000000e+05
2.511080000000000000e+05
2.511090000000000000e+05
2.511100000000000000e+05
2.511110000000000000e+05
2.511120000000000000e+05
2.511130000000000000e+05
2.511140000000000000e+05
2.511150000000000000e+05
2.511160000000000000e+05
2.511170000000000000e+05
2.511180000000000000e+05
2.511190000000000000e+05
2.511200000000000000e+05
2.511210000000000000e+05
2.511220000000000000e+05
2.511230000000000000e+05
2.511240000000000000e+05
2.511250000000000000e+05
2.511260000000000000e+05
2.511270000000000000e+05
2.511280000000000000e+05
2.511290000000000000e+05
2.511300000000000000e+05
2.511310000000000000e+05
2.511320000000000000e+05
2.511330000000000000e+05
2.511340000000000000e+05
2.511350000000000000e+05
2.511360000000000000e+05
2.511370000000000000e+05
2.511380000000000000e+05
2.511390000000000000e+05
2.511400000000000000e+05
2.511410000000000000e+05
2.511420000000000000e+05
2.511430000000000000e+05
2.511440000000000000e+05
2.511450000000000000e+05
2.511460000000000000e+05
2.511470000000000000e+05
2.511480000000000000e+05
2.511490000000000000e+05
2.511500000000000000e+05
2.511510000000000000e+05
2.511520000000000000e+05
2.511530000000000000e+05
2.511540000000000000e+05
2.511550000000000000e+05
2.511560000000000000e+05
2.511570000000000000e+05
2.511580000000000000e+05
2.511590000000000000e+05
2.511600000000000000e+05
2.511610000000000000e+05
2.511620000000000000e+05
2.511630000000000000e+05
2.511640000000000000e+05
2.511650000000000000e+05
2.511660000000000000e+05
2.511670000000000000e+05
2.511680000000000000e+05
2.511690000000000000e+05
2.511700000000000000e+05
2.511710000000000000e+05
2.511720000000000000e+05
2.511730000000000000e+05
2.511740000000000000e+05
2.511750000000000000e+05
2.511760000000000000e+05
2.511770000000000000e+05
2.511780000000000000e+05
2.511790000000000000e+05
2.511800000000000000e+05
2.511810000000000000e+05
2.511820000000000000e+05
2.511830000000000000e+05
2.511840000000000000e+05
2.511850000000000000e+05
2.511860000000000000e+05
2.511870000000000000e+05
2.511880000000000000e+05
2.511890000000000000e+05
2.511900000000000000e+05
2.511910000000000000e+05
2.511920000000000000e+05
2.511930000000000000e+05
2.511940000000000000e+05
2.511950000000000000e+05
2.511960000000000000e+05
2.511970000000000000e+05
2.511980000000000000e+05
2.511990000000000000e+05
2.512000000000000000e+05
2.512010000000000000e+05
2.512020000000000000e+05
2.512030000000000000e+05
2.512040000000000000e+05
2.512050000000000000e+05
2.512060000000000000e+05
2.512070000000000000e+05
2.512080000000000000e+05
2.512090000000000000e+05
2.512100000000000000e+05
2.512110000000000000e+05
2.512120000000000000e+05
2.512130000000000000e+05
2.512140000000000000e+05
2.512150000000000000e+05
2.512160000000000000e+05
2.512170000000000000e+05
2.512180000000000000e+05
2.512190000000000000e+05
2.512200000000000000e+05
2.512210000000000000e+05
2.512220000000000000e+05
2.512230000000000000e+05
2.512240000000000000e+05
2.512250000000000000e+05
2.512260000000000000e+05
2.512270000000000000e+05
2.512280000000000000e+05
2.512290000000000000e+05
2.512300000000000000e+05
2.512310000000000000e+05
2.512320000000000000e+05
2.512330000000000000e+05
2.512340000000000000e+05
2.512350000000000000e+05
2.512360000000000000e+05
2.512370000000000000e+05
2.512380000000000000e+05
2.512390000000000000e+05
2.512400000000000000e+05
2.512410000000000000e+05
2.512420000000000000e+05
2.512430000000000000e+05
2.512440000000000000e+05
2.512450000000000000e+05
2.512460000000000000e+05
2.512470000000000000e+05
2.512480000000000000e+05
2.512490000000000000e+05
2.512500000000000000e+05
2.512510000000000000e+05
2.512520000000000000e+05
2.512530000000000000e+05
2.512540000000000000e+05
2.512550000000000000e+05
2.512560000000000000e+05
2.512570000000000000e+05
2.512580000000000000e+05
2.512590000000000000e+05
2.512600000000000000e+05
2.512610000000000000e+05
2.512620000000000000e+05
2.512630000000000000e+05
2.512640000000000000e+05
2.512650000000000000e+05
2.512660000000000000e+05
2.512670000000000000e+05
2.512680000000000000e+05
2.512690000000000000e+05
2.512700000000000000e+05
2.512710000000000000e+05
2.512720000000000000e+05
2.512730000000000000e+05
2.512740000000000000e+05
2.512750000000000000e+05
2.512760000000000000e+05
2.512770000000000000e+05
2.512780000000000000e+05
2.512790000000000000e+05
2.512800000000000000e+05
2.512810000000000000e+05
2.512820000000000000e+05
2.512830000000000000e+05
2.512840000000000000e+05
2.512850000000000000e+05
2.512860000000000000e+05
2.512870000000000000e+05
2.512880000000000000e+05
2.512890000000000000e+05
2.512900000000000000e+05
2.512910000000000000e+05
2.512920000000000000e+05
2.512930000000000000e+05
2.512940000000000000e+05
2.512950000000000000e+05
2.512960000000000000e+05
2.512970000000000000e+05
2.512980000000000000e+05
2.512990000000000000e+05
2.513000000000000000e+05
2.513010000000000000e+05
2.513020000000000000e+05
2.513030000000000000e+05
2.513040000000000000e+05
2.513050000000000000e+05
2.513060000000000000e+05
2.513070000000000000e+05
2.513080000000000000e+05
2.513090000000000000e+05
2.513100000000000000e+05
2.513110000000000000e+05
2.513120000000000000e+05
2.513130000000000000e+05
2.513140000000000000e+05
2.513150000000000000e+05
2.513160000000000000e+05
2.513170000000000000e+05
2.513180000000000000e+05
2.513190000000000000e+05
2.513200000000000000e+05
2.513210000000000000e+05
2.513220000000000000e+05
2.513230000000000000e+05
2.513240000000000000e+05
2.513250000000000000e+05
2.513260000000000000e+05
2.513270000000000000e+05
2.513280000000000000e+05
2.513290000000000000e+05
2.513300000000000000e+05
2.513310000000000000e+05
2.513320000000000000e+05
2.513330000000000000e+05
2.513340000000000000e+05
2.513350000000000000e+05
2.513360000000000000e+05
2.513370000000000000e+05
2.513380000000000000e+05
2.513390000000000000e+05
2.513400000000000000e+05
2.513410000000000000e+05
2.513420000000000000e+05
2.513430000000000000e+05
2.513440000000000000e+05
2.513450000000000000e+05
2.513460000000000000e+05
2.513470000000000000e+05
2.513480000000000000e+05
2.513490000000000000e+05
2.513500000000000000e+05
2.513510000000000000e+05
2.513520000000000000e+05
2.513530000000000000e+05
2.513540000000000000e+05
2.513550000000000000e+05
2.513560000000000000e+05
2.513570000000000000e+05
2.513580000000000000e+05
2.513590000000000000e+05
2.513600000000000000e+05
2.513610000000000000e+05
2.513620000000000000e+05
2.513630000000000000e+05
2.513640000000000000e+05
2.513650000000000000e+05
2.513660000000000000e+05
2.513670000000000000e+05
2.513680000000000000e+05
2.513690000000000000e+05
2.513700000000000000e+05
2.513710000000000000e+05
2.513720000000000000e+05
2.513730000000000000e+05
2.513740000000000000e+05
2.513750000000000000e+05
2.513760000000000000e+05
2.513770000000000000e+05
2.513780000000000000e+05
2.513790000000000000e+05
2.513800000000000000e+05
2.513810000000000000e+05
2.513820000000000000e+05
2.513830000000000000e+05
2.513840000000000000e+05
2.513850000000000000e+05
2.513860000000000000e+05
2.513870000000000000e+05
2.513880000000000000e+05
2.513890000000000000e+05
2.513900000000000000e+05
2.513910000000000000e+05
2.513920000000000000e+05
2.513930000000000000e+05
2.513940000000000000e+05
2.513950000000000000e+05
2.513960000000000000e+05
2.513970000000000000e+05
2.513980000000000000e+05
2.513990000000000000e+05
2.514000000000000000e+05
2.514010000000000000e+05
2.514020000000000000e+05
2.514030000000000000e+05
2.514040000000000000e+05
2.514050000000000000e+05
2.514060000000000000e+05
2.514070000000000000e+05
2.514080000000000000e+05
2.514090000000000000e+05
2.514100000000000000e+05
2.514110000000000000e+05
2.514120000000000000e+05
2.514130000000000000e+05
2.514140000000000000e+05
2.514150000000000000e+05
2.514160000000000000e+05
2.514170000000000000e+05
2.514180000000000000e+05
2.514190000000000000e+05
2.514200000000000000e+05
2.514210000000000000e+05
2.514220000000000000e+05
2.514230000000000000e+05
2.514240000000000000e+05
2.514250000000000000e+05
2.514260000000000000e+05
2.514270000000000000e+05
2.514280000000000000e+05
2.514290000000000000e+05
2.514300000000000000e+05
2.514310000000000000e+05
2.514320000000000000e+05
2.514330000000000000e+05
2.514340000000000000e+05
2.514350000000000000e+05
2.514360000000000000e+05
2.514370000000000000e+05
2.514380000000000000e+05
2.514390000000000000e+05
2.514400000000000000e+05
2.514410000000000000e+05
2.514420000000000000e+05
2.514430000000000000e+05
2.514440000000000000e+05
2.514450000000000000e+05
2.514460000000000000e+05
2.514470000000000000e+05
2.514480000000000000e+05
2.514490000000000000e+05
2.514500000000000000e+05
2.514510000000000000e+05
2.514520000000000000e+05
2.514530000000000000e+05
2.514540000000000000e+05
2.514550000000000000e+05
2.514560000000000000e+05
2.514570000000000000e+05
2.514580000000000000e+05
2.514590000000000000e+05
2.514600000000000000e+05
2.514610000000000000e+05
2.514620000000000000e+05
2.514630000000000000e+05
2.514640000000000000e+05
2.514650000000000000e+05
2.514660000000000000e+05
2.514670000000000000e+05
2.514680000000000000e+05
2.514690000000000000e+05
2.514700000000000000e+05
2.514710000000000000e+05
2.514720000000000000e+05
2.514730000000000000e+05
2.514740000000000000e+05
2.514750000000000000e+05
2.514760000000000000e+05
2.514770000000000000e+05
2.514780000000000000e+05
2.514790000000000000e+05
2.514800000000000000e+05
2.514810000000000000e+05
2.514820000000000000e+05
2.514830000000000000e+05
2.514840000000000000e+05
2.514850000000000000e+05
2.514860000000000000e+05
2.514870000000000000e+05
2.514880000000000000e+05
2.514890000000000000e+05
2.514900000000000000e+05
2.514910000000000000e+05
2.514920000000000000e+05
2.514930000000000000e+05
2.514940000000000000e+05
2.514950000000000000e+05
2.514960000000000000e+05
2.514970000000000000e+05
2.514980000000000000e+05
2.514990000000000000e+05
2.515000000000000000e+05
2.515010000000000000e+05
2.515020000000000000e+05
2.515030000000000000e+05
2.515040000000000000e+05
2.515050000000000000e+05
2.515060000000000000e+05
2.515070000000000000e+05
2.515080000000000000e+05
2.515090000000000000e+05
2.515100000000000000e+05
2.515110000000000000e+05
2.515120000000000000e+05
2.515130000000000000e+05
2.515140000000000000e+05
2.515150000000000000e+05
2.515160000000000000e+05
2.515170000000000000e+05
2.515180000000000000e+05
2.515190000000000000e+05
2.515200000000000000e+05
2.515210000000000000e+05
2.515220000000000000e+05
2.515230000000000000e+05
2.515240000000000000e+05
2.515250000000000000e+05
2.515260000000000000e+05
2.515270000000000000e+05
2.515280000000000000e+05
2.515290000000000000e+05
2.515300000000000000e+05
2.515310000000000000e+05
2.515320000000000000e+05
2.515330000000000000e+05
2.515340000000000000e+05
2.515350000000000000e+05
2.515360000000000000e+05
2.515370000000000000e+05
2.515380000000000000e+05
2.515390000000000000e+05
2.515400000000000000e+05
2.515410000000000000e+05
2.515420000000000000e+05
2.515430000000000000e+05
2.515440000000000000e+05
2.515450000000000000e+05
2.515460000000000000e+05
2.515470000000000000e+05
2.515480000000000000e+05
2.515490000000000000e+05
2.515500000000000000e+05
2.515510000000000000e+05
2.515520000000000000e+05
2.515530000000000000e+05
2.515540000000000000e+05
2.515550000000000000e+05
2.515560000000000000e+05
2.515570000000000000e+05
2.515580000000000000e+05
2.515590000000000000e+05
2.515600000000000000e+05
2.515610000000000000e+05
2.515620000000000000e+05
2.515630000000000000e+05
2.515640000000000000e+05
2.515650000000000000e+05
2.515660000000000000e+05
2.515670000000000000e+05
2.515680000000000000e+05
2.515690000000000000e+05
2.515700000000000000e+05
2.515710000000000000e+05
2.515720000000000000e+05
2.515730000000000000e+05
2.515740000000000000e+05
2.515750000000000000e+05
2.515760000000000000e+05
2.515770000000000000e+05
2.515780000000000000e+05
2.515790000000000000e+05
2.515800000000000000e+05
2.515810000000000000e+05
2.515820000000000000e+05
2.515830000000000000e+05
2.515840000000000000e+05
2.515850000000000000e+05
2.515860000000000000e+05
2.515870000000000000e+05
2.515880000000000000e+05
2.515890000000000000e+05
2.515900000000000000e+05
2.515910000000000000e+05
2.515920000000000000e+05
2.515930000000000000e+05
2.515940000000000000e+05
2.515950000000000000e+05
2.515960000000000000e+05
2.515970000000000000e+05
2.515980000000000000e+05
2.515990000000000000e+05
2.516000000000000000e+05
2.516010000000000000e+05
2.516020000000000000e+05
2.516030000000000000e+05
2.516040000000000000e+05
2.516050000000000000e+05
2.516060000000000000e+05
2.516070000000000000e+05
2.516080000000000000e+05
2.516090000000000000e+05
2.516100000000000000e+05
2.516110000000000000e+05
2.516120000000000000e+05
2.516130000000000000e+05
2.516140000000000000e+05
2.516150000000000000e+05
2.516160000000000000e+05
2.516170000000000000e+05
2.516180000000000000e+05
2.516190000000000000e+05
2.516200000000000000e+05
2.516210000000000000e+05
2.516220000000000000e+05
2.516230000000000000e+05
2.516240000000000000e+05
2.516250000000000000e+05
2.516260000000000000e+05
2.516270000000000000e+05
2.516280000000000000e+05
2.516290000000000000e+05
2.516300000000000000e+05
2.516310000000000000e+05
2.516320000000000000e+05
2.516330000000000000e+05
2.516340000000000000e+05
2.516350000000000000e+05
2.516360000000000000e+05
2.516370000000000000e+05
2.516380000000000000e+05
2.516390000000000000e+05
2.516400000000000000e+05
2.516410000000000000e+05
2.516420000000000000e+05
2.516430000000000000e+05
2.516440000000000000e+05
2.516450000000000000e+05
2.516460000000000000e+05
2.516470000000000000e+05
2.516480000000000000e+05
2.516490000000000000e+05
2.516500000000000000e+05
2.516510000000000000e+05
2.516520000000000000e+05
2.516530000000000000e+05
2.516540000000000000e+05
2.516550000000000000e+05
2.516560000000000000e+05
2.516570000000000000e+05
2.516580000000000000e+05
2.516590000000000000e+05
2.516600000000000000e+05
2.516610000000000000e+05
2.516620000000000000e+05
2.516630000000000000e+05
2.516640000000000000e+05
2.516650000000000000e+05
2.516660000000000000e+05
2.516670000000000000e+05
2.516680000000000000e+05
2.516690000000000000e+05
2.516700000000000000e+05
2.516710000000000000e+05
2.516720000000000000e+05
2.516730000000000000e+05
2.516740000000000000e+05
2.516750000000000000e+05
2.516760000000000000e+05
2.516770000000000000e+05
2.516780000000000000e+05
2.516790000000000000e+05
2.516800000000000000e+05
2.516810000000000000e+05
2.516820000000000000e+05
2.516830000000000000e+05
2.516840000000000000e+05
2.516850000000000000e+05
2.516860000000000000e+05
2.516870000000000000e+05
2.516880000000000000e+05
2.516890000000000000e+05
2.516900000000000000e+05
2.516910000000000000e+05
2.516920000000000000e+05
2.516930000000000000e+05
2.516940000000000000e+05
2.516950000000000000e+05
2.516960000000000000e+05
2.516970000000000000e+05
2.516980000000000000e+05
2.516990000000000000e+05
2.517000000000000000e+05
2.517010000000000000e+05
2.517020000000000000e+05
2.517030000000000000e+05
2.517040000000000000e+05
2.517050000000000000e+05
2.517060000000000000e+05
2.517070000000000000e+05
2.517080000000000000e+05
2.517090000000000000e+05
2.517100000000000000e+05
2.517110000000000000e+05
2.517120000000000000e+05
2.517130000000000000e+05
2.517140000000000000e+05
2.517150000000000000e+05
2.517160000000000000e+05
2.517170000000000000e+05
2.517180000000000000e+05
2.517190000000000000e+05
2.517200000000000000e+05
2.517210000000000000e+05
2.517220000000000000e+05
2.517230000000000000e+05
2.517240000000000000e+05
2.517250000000000000e+05
2.517260000000000000e+05
2.517270000000000000e+05
2.517280000000000000e+05
2.517290000000000000e+05
2.517300000000000000e+05
2.517310000000000000e+05
2.517320000000000000e+05
2.517330000000000000e+05
2.517340000000000000e+05
2.517350000000000000e+05
2.517360000000000000e+05
2.517370000000000000e+05
2.517380000000000000e+05
2.517390000000000000e+05
2.517400000000000000e+05
2.517410000000000000e+05
2.517420000000000000e+05
2.517430000000000000e+05
2.517440000000000000e+05
2.517450000000000000e+05
2.517460000000000000e+05
2.517470000000000000e+05
2.517480000000000000e+05
2.517490000000000000e+05
2.517500000000000000e+05
2.517510000000000000e+05
2.517520000000000000e+05
2.517530000000000000e+05
2.517540000000000000e+05
2.517550000000000000e+05
2.517560000000000000e+05
2.517570000000000000e+05
2.517580000000000000e+05
2.517590000000000000e+05
2.517600000000000000e+05
2.517610000000000000e+05
2.517620000000000000e+05
2.517630000000000000e+05
2.517640000000000000e+05
2.517650000000000000e+05
2.517660000000000000e+05
2.517670000000000000e+05
2.517680000000000000e+05
2.517690000000000000e+05
2.517700000000000000e+05
2.517710000000000000e+05
2.517720000000000000e+05
2.517730000000000000e+05
2.517740000000000000e+05
2.517750000000000000e+05
2.517760000000000000e+05
2.517770000000000000e+05
2.517780000000000000e+05
2.517790000000000000e+05
2.517800000000000000e+05
2.517810000000000000e+05
2.517820000000000000e+05
2.517830000000000000e+05
2.517840000000000000e+05
2.517850000000000000e+05
2.517860000000000000e+05
2.517870000000000000e+05
2.517880000000000000e+05
2.517890000000000000e+05
2.517900000000000000e+05
2.517910000000000000e+05
2.517920000000000000e+05
2.517930000000000000e+05
2.517940000000000000e+05
2.517950000000000000e+05
2.517960000000000000e+05
2.517970000000000000e+05
2.517980000000000000e+05
2.517990000000000000e+05
2.518000000000000000e+05
2.518010000000000000e+05
2.518020000000000000e+05
2.518030000000000000e+05
2.518040000000000000e+05
2.518050000000000000e+05
2.518060000000000000e+05
2.518070000000000000e+05
2.518080000000000000e+05
2.518090000000000000e+05
2.518100000000000000e+05
2.518110000000000000e+05
2.518120000000000000e+05
2.518130000000000000e+05
2.518140000000000000e+05
2.518150000000000000e+05
2.518160000000000000e+05
2.518170000000000000e+05
2.518180000000000000e+05
2.518190000000000000e+05
2.518200000000000000e+05
2.518210000000000000e+05
2.518220000000000000e+05
2.518230000000000000e+05
2.518240000000000000e+05
2.518250000000000000e+05
2.518260000000000000e+05
2.518270000000000000e+05
2.518280000000000000e+05
2.518290000000000000e+05
2.518300000000000000e+05
2.518310000000000000e+05
2.518320000000000000e+05
2.518330000000000000e+05
2.518340000000000000e+05
2.518350000000000000e+05
2.518360000000000000e+05
2.518370000000000000e+05
2.518380000000000000e+05
2.518390000000000000e+05
2.518400000000000000e+05
2.518410000000000000e+05
2.518420000000000000e+05
2.518430000000000000e+05
2.518440000000000000e+05
2.518450000000000000e+05
2.518460000000000000e+05
2.518470000000000000e+05
2.518480000000000000e+05
2.518490000000000000e+05
2.518500000000000000e+05
2.518510000000000000e+05
2.518520000000000000e+05
2.518530000000000000e+05
2.518540000000000000e+05
2.518550000000000000e+05
2.518560000000000000e+05
2.518570000000000000e+05
2.518580000000000000e+05
2.518590000000000000e+05
2.518600000000000000e+05
2.518610000000000000e+05
2.518620000000000000e+05
2.518630000000000000e+05
2.518640000000000000e+05
2.518650000000000000e+05
2.518660000000000000e+05
2.518670000000000000e+05
2.518680000000000000e+05
2.518690000000000000e+05
2.518700000000000000e+05
2.518710000000000000e+05
2.518720000000000000e+05
2.518730000000000000e+05
2.518740000000000000e+05
2.518750000000000000e+05
2.518760000000000000e+05
2.518770000000000000e+05
2.518780000000000000e+05
2.518790000000000000e+05
2.518800000000000000e+05
2.518810000000000000e+05
2.518820000000000000e+05
2.518830000000000000e+05
2.518840000000000000e+05
2.518850000000000000e+05
2.518860000000000000e+05
2.518870000000000000e+05
2.518880000000000000e+05
2.518890000000000000e+05
2.518900000000000000e+05
2.518910000000000000e+05
2.518920000000000000e+05
2.518930000000000000e+05
2.518940000000000000e+05
2.518950000000000000e+05
2.518960000000000000e+05
2.518970000000000000e+05
2.518980000000000000e+05
2.518990000000000000e+05
2.519000000000000000e+05
2.519010000000000000e+05
2.519020000000000000e+05
2.519030000000000000e+05
2.519040000000000000e+05
2.519050000000000000e+05
2.519060000000000000e+05
2.519070000000000000e+05
2.519080000000000000e+05
2.519090000000000000e+05
2.519100000000000000e+05
2.519110000000000000e+05
2.519120000000000000e+05
2.519130000000000000e+05
2.519140000000000000e+05
2.519150000000000000e+05
2.519160000000000000e+05
2.519170000000000000e+05
2.519180000000000000e+05
2.519190000000000000e+05
2.519200000000000000e+05
2.519210000000000000e+05
2.519220000000000000e+05
2.519230000000000000e+05
2.519240000000000000e+05
2.519250000000000000e+05
2.519260000000000000e+05
2.519270000000000000e+05
2.519280000000000000e+05
2.519290000000000000e+05
2.519300000000000000e+05
2.519310000000000000e+05
2.519320000000000000e+05
2.519330000000000000e+05
2.519340000000000000e+05
2.519350000000000000e+05
2.519360000000000000e+05
2.519370000000000000e+05
2.519380000000000000e+05
2.519390000000000000e+05
2.519400000000000000e+05
2.519410000000000000e+05
2.519420000000000000e+05
2.519430000000000000e+05
2.519440000000000000e+05
2.519450000000000000e+05
2.519460000000000000e+05
2.519470000000000000e+05
2.519480000000000000e+05
2.519490000000000000e+05
2.519500000000000000e+05
2.519510000000000000e+05
2.519520000000000000e+05
2.519530000000000000e+05
2.519540000000000000e+05
2.519550000000000000e+05
2.519560000000000000e+05
2.519570000000000000e+05
2.519580000000000000e+05
2.519590000000000000e+05
2.519600000000000000e+05
2.519610000000000000e+05
2.519620000000000000e+05
2.519630000000000000e+05
2.519640000000000000e+05
2.519650000000000000e+05
2.519660000000000000e+05
2.519670000000000000e+05
2.519680000000000000e+05
2.519690000000000000e+05
2.519700000000000000e+05
2.519710000000000000e+05
2.519720000000000000e+05
2.519730000000000000e+05
2.519740000000000000e+05
2.519750000000000000e+05
2.519760000000000000e+05
2.519770000000000000e+05
2.519780000000000000e+05
2.519790000000000000e+05
2.519800000000000000e+05
2.519810000000000000e+05
2.519820000000000000e+05
2.519830000000000000e+05
2.519840000000000000e+05
2.519850000000000000e+05
2.519860000000000000e+05
2.519870000000000000e+05
2.519880000000000000e+05
2.519890000000000000e+05
2.519900000000000000e+05
2.519910000000000000e+05
2.519920000000000000e+05
2.519930000000000000e+05
2.519940000000000000e+05
2.519950000000000000e+05
2.519960000000000000e+05
2.519970000000000000e+05
2.519980000000000000e+05
2.519990000000000000e+05
2.520000000000000000e+05
2.520010000000000000e+05
2.520020000000000000e+05
2.520030000000000000e+05
2.520040000000000000e+05
2.520050000000000000e+05
2.520060000000000000e+05
2.520070000000000000e+05
2.520080000000000000e+05
2.520090000000000000e+05
2.520100000000000000e+05
2.520110000000000000e+05
2.520120000000000000e+05
2.520130000000000000e+05
2.520140000000000000e+05
2.520150000000000000e+05
2.520160000000000000e+05
2.520170000000000000e+05
2.520180000000000000e+05
2.520190000000000000e+05
2.520200000000000000e+05
2.520210000000000000e+05
2.520220000000000000e+05
2.520230000000000000e+05
2.520240000000000000e+05
2.520250000000000000e+05
2.520260000000000000e+05
2.520270000000000000e+05
2.520280000000000000e+05
2.520290000000000000e+05
2.520300000000000000e+05
2.520310000000000000e+05
2.520320000000000000e+05
2.520330000000000000e+05
2.520340000000000000e+05
2.520350000000000000e+05
2.520360000000000000e+05
2.520370000000000000e+05
2.520380000000000000e+05
2.520390000000000000e+05
2.520400000000000000e+05
2.520410000000000000e+05
2.520420000000000000e+05
2.520430000000000000e+05
2.520440000000000000e+05
2.520450000000000000e+05
2.520460000000000000e+05
2.520470000000000000e+05
2.520480000000000000e+05
2.520490000000000000e+05
2.520500000000000000e+05
2.520510000000000000e+05
2.520520000000000000e+05
2.520530000000000000e+05
2.520540000000000000e+05
2.520550000000000000e+05
2.520560000000000000e+05
2.520570000000000000e+05
2.520580000000000000e+05
2.520590000000000000e+05
2.520600000000000000e+05
2.520610000000000000e+05
2.520620000000000000e+05
2.520630000000000000e+05
2.520640000000000000e+05
2.520650000000000000e+05
2.520660000000000000e+05
2.520670000000000000e+05
2.520680000000000000e+05
2.520690000000000000e+05
2.520700000000000000e+05
2.520710000000000000e+05
2.520720000000000000e+05
2.520730000000000000e+05
2.520740000000000000e+05
2.520750000000000000e+05
2.520760000000000000e+05
2.520770000000000000e+05
2.520780000000000000e+05
2.520790000000000000e+05
2.520800000000000000e+05
2.520810000000000000e+05
2.520820000000000000e+05
2.520830000000000000e+05
2.520840000000000000e+05
2.520850000000000000e+05
2.520860000000000000e+05
2.520870000000000000e+05
2.520880000000000000e+05
2.520890000000000000e+05
2.520900000000000000e+05
2.520910000000000000e+05
2.520920000000000000e+05
2.520930000000000000e+05
2.520940000000000000e+05
2.520950000000000000e+05
2.520960000000000000e+05
2.520970000000000000e+05
2.520980000000000000e+05
2.520990000000000000e+05
2.521000000000000000e+05
2.521010000000000000e+05
2.521020000000000000e+05
2.521030000000000000e+05
2.521040000000000000e+05
2.521050000000000000e+05
2.521060000000000000e+05
2.521070000000000000e+05
2.521080000000000000e+05
2.521090000000000000e+05
2.521100000000000000e+05
2.521110000000000000e+05
2.521120000000000000e+05
2.521130000000000000e+05
2.521140000000000000e+05
2.521150000000000000e+05
2.521160000000000000e+05
2.521170000000000000e+05
2.521180000000000000e+05
2.521190000000000000e+05
2.521200000000000000e+05
2.521210000000000000e+05
2.521220000000000000e+05
2.521230000000000000e+05
2.521240000000000000e+05
2.521250000000000000e+05
2.521260000000000000e+05
2.521270000000000000e+05
2.521280000000000000e+05
2.521290000000000000e+05
2.521300000000000000e+05
2.521310000000000000e+05
2.521320000000000000e+05
2.521330000000000000e+05
2.521340000000000000e+05
2.521350000000000000e+05
2.521360000000000000e+05
2.521370000000000000e+05
2.521380000000000000e+05
2.521390000000000000e+05
2.521400000000000000e+05
2.521410000000000000e+05
2.521420000000000000e+05
2.521430000000000000e+05
2.521440000000000000e+05
2.521450000000000000e+05
2.521460000000000000e+05
2.521470000000000000e+05
2.521480000000000000e+05
2.521490000000000000e+05
2.521500000000000000e+05
2.521510000000000000e+05
2.521520000000000000e+05
2.521530000000000000e+05
2.521540000000000000e+05
2.521550000000000000e+05
2.521560000000000000e+05
2.521570000000000000e+05
2.521580000000000000e+05
2.521590000000000000e+05
2.521600000000000000e+05
2.521610000000000000e+05
2.521620000000000000e+05
2.521630000000000000e+05
2.521640000000000000e+05
2.521650000000000000e+05
2.521660000000000000e+05
2.521670000000000000e+05
2.521680000000000000e+05
2.521690000000000000e+05
2.521700000000000000e+05
2.521710000000000000e+05
2.521720000000000000e+05
2.521730000000000000e+05
2.521740000000000000e+05
2.521750000000000000e+05
2.521760000000000000e+05
2.521770000000000000e+05
2.521780000000000000e+05
2.521790000000000000e+05
2.521800000000000000e+05
2.521810000000000000e+05
2.521820000000000000e+05
2.521830000000000000e+05
2.521840000000000000e+05
2.521850000000000000e+05
2.521860000000000000e+05
2.521870000000000000e+05
2.521880000000000000e+05
2.521890000000000000e+05
2.521900000000000000e+05
2.521910000000000000e+05
2.521920000000000000e+05
2.521930000000000000e+05
2.521940000000000000e+05
2.521950000000000000e+05
2.521960000000000000e+05
2.521970000000000000e+05
2.521980000000000000e+05
2.521990000000000000e+05
2.522000000000000000e+05
2.522010000000000000e+05
2.522020000000000000e+05
2.522030000000000000e+05
2.522040000000000000e+05
2.522050000000000000e+05
2.522060000000000000e+05
2.522070000000000000e+05
2.522080000000000000e+05
2.522090000000000000e+05
2.522100000000000000e+05
2.522110000000000000e+05
2.522120000000000000e+05
2.522130000000000000e+05
2.522140000000000000e+05
2.522150000000000000e+05
2.522160000000000000e+05
2.522170000000000000e+05
2.522180000000000000e+05
2.522190000000000000e+05
2.522200000000000000e+05
2.522210000000000000e+05
2.522220000000000000e+05
2.522230000000000000e+05
2.522240000000000000e+05
2.522250000000000000e+05
2.522260000000000000e+05
2.522270000000000000e+05
2.522280000000000000e+05
2.522290000000000000e+05
2.522300000000000000e+05
2.522310000000000000e+05
2.522320000000000000e+05
2.522330000000000000e+05
2.522340000000000000e+05
2.522350000000000000e+05
2.522360000000000000e+05
2.522370000000000000e+05
2.522380000000000000e+05
2.522390000000000000e+05
2.522400000000000000e+05
2.522410000000000000e+05
2.522420000000000000e+05
2.522430000000000000e+05
2.522440000000000000e+05
2.522450000000000000e+05
2.522460000000000000e+05
2.522470000000000000e+05
2.522480000000000000e+05
2.522490000000000000e+05
2.522500000000000000e+05
2.522510000000000000e+05
2.522520000000000000e+05
2.522530000000000000e+05
2.522540000000000000e+05
2.522550000000000000e+05
2.522560000000000000e+05
2.522570000000000000e+05
2.522580000000000000e+05
2.522590000000000000e+05
2.522600000000000000e+05
2.522610000000000000e+05
2.522620000000000000e+05
2.522630000000000000e+05
2.522640000000000000e+05
2.522650000000000000e+05
2.522660000000000000e+05
2.522670000000000000e+05
2.522680000000000000e+05
2.522690000000000000e+05
2.522700000000000000e+05
2.522710000000000000e+05
2.522720000000000000e+05
2.522730000000000000e+05
2.522740000000000000e+05
2.522750000000000000e+05
2.522760000000000000e+05
2.522770000000000000e+05
2.522780000000000000e+05
2.522790000000000000e+05
2.522800000000000000e+05
2.522810000000000000e+05
2.522820000000000000e+05
2.522830000000000000e+05
2.522840000000000000e+05
2.522850000000000000e+05
2.522860000000000000e+05
2.522870000000000000e+05
2.522880000000000000e+05
2.522890000000000000e+05
2.522900000000000000e+05
2.522910000000000000e+05
2.522920000000000000e+05
2.522930000000000000e+05
2.522940000000000000e+05
2.522950000000000000e+05
2.522960000000000000e+05
2.522970000000000000e+05
2.522980000000000000e+05
2.522990000000000000e+05
2.523000000000000000e+05
2.523010000000000000e+05
2.523020000000000000e+05
2.523030000000000000e+05
2.523040000000000000e+05
2.523050000000000000e+05
2.523060000000000000e+05
2.523070000000000000e+05
2.523080000000000000e+05
2.523090000000000000e+05
2.523100000000000000e+05
2.523110000000000000e+05
2.523120000000000000e+05
2.523130000000000000e+05
2.523140000000000000e+05
2.523150000000000000e+05
2.523160000000000000e+05
2.523170000000000000e+05
2.523180000000000000e+05
2.523190000000000000e+05
2.523200000000000000e+05
2.523210000000000000e+05
2.523220000000000000e+05
2.523230000000000000e+05
2.523240000000000000e+05
2.523250000000000000e+05
2.523260000000000000e+05
2.523270000000000000e+05
2.523280000000000000e+05
2.523290000000000000e+05
2.523300000000000000e+05
2.523310000000000000e+05
2.523320000000000000e+05
2.523330000000000000e+05
2.523340000000000000e+05
2.523350000000000000e+05
2.523360000000000000e+05
2.523370000000000000e+05
2.523380000000000000e+05
2.523390000000000000e+05
2.523400000000000000e+05
2.523410000000000000e+05
2.523420000000000000e+05
2.523430000000000000e+05
2.523440000000000000e+05
2.523450000000000000e+05
2.523460000000000000e+05
2.523470000000000000e+05
2.523480000000000000e+05
2.523490000000000000e+05
2.523500000000000000e+05
2.523510000000000000e+05
2.523520000000000000e+05
2.523530000000000000e+05
2.523540000000000000e+05
2.523550000000000000e+05
2.523560000000000000e+05
2.523570000000000000e+05
2.523580000000000000e+05
2.523590000000000000e+05
2.523600000000000000e+05
2.523610000000000000e+05
2.523620000000000000e+05
2.523630000000000000e+05
2.523640000000000000e+05
2.523650000000000000e+05
2.523660000000000000e+05
2.523670000000000000e+05
2.523680000000000000e+05
2.523690000000000000e+05
2.523700000000000000e+05
2.523710000000000000e+05
2.523720000000000000e+05
2.523730000000000000e+05
2.523740000000000000e+05
2.523750000000000000e+05
2.523760000000000000e+05
2.523770000000000000e+05
2.523780000000000000e+05
2.523790000000000000e+05
2.523800000000000000e+05
2.523810000000000000e+05
2.523820000000000000e+05
2.523830000000000000e+05
2.523840000000000000e+05
2.523850000000000000e+05
2.523860000000000000e+05
2.523870000000000000e+05
2.523880000000000000e+05
2.523890000000000000e+05
2.523900000000000000e+05
2.523910000000000000e+05
2.523920000000000000e+05
2.523930000000000000e+05
2.523940000000000000e+05
2.523950000000000000e+05
2.523960000000000000e+05
2.523970000000000000e+05
2.523980000000000000e+05
2.523990000000000000e+05
2.524000000000000000e+05
2.524010000000000000e+05
2.524020000000000000e+05
2.524030000000000000e+05
2.524040000000000000e+05
2.524050000000000000e+05
2.524060000000000000e+05
2.524070000000000000e+05
2.524080000000000000e+05
2.524090000000000000e+05
2.524100000000000000e+05
2.524110000000000000e+05
2.524120000000000000e+05
2.524130000000000000e+05
2.524140000000000000e+05
2.524150000000000000e+05
2.524160000000000000e+05
2.524170000000000000e+05
2.524180000000000000e+05
2.524190000000000000e+05
2.524200000000000000e+05
2.524210000000000000e+05
2.524220000000000000e+05
2.524230000000000000e+05
2.524240000000000000e+05
2.524250000000000000e+05
2.524260000000000000e+05
2.524270000000000000e+05
2.524280000000000000e+05
2.524290000000000000e+05
2.524300000000000000e+05
2.524310000000000000e+05
2.524320000000000000e+05
2.524330000000000000e+05
2.524340000000000000e+05
2.524350000000000000e+05
2.524360000000000000e+05
2.524370000000000000e+05
2.524380000000000000e+05
2.524390000000000000e+05
2.524400000000000000e+05
2.524410000000000000e+05
2.524420000000000000e+05
2.524430000000000000e+05
2.524440000000000000e+05
2.524450000000000000e+05
2.524460000000000000e+05
2.524470000000000000e+05
2.524480000000000000e+05
2.524490000000000000e+05
2.524500000000000000e+05
2.524510000000000000e+05
2.524520000000000000e+05
2.524530000000000000e+05
2.524540000000000000e+05
2.524550000000000000e+05
2.524560000000000000e+05
2.524570000000000000e+05
2.524580000000000000e+05
2.524590000000000000e+05
2.524600000000000000e+05
2.524610000000000000e+05
2.524620000000000000e+05
2.524630000000000000e+05
2.524640000000000000e+05
2.524650000000000000e+05
2.524660000000000000e+05
2.524670000000000000e+05
2.524680000000000000e+05
2.524690000000000000e+05
2.524700000000000000e+05
2.524710000000000000e+05
2.524720000000000000e+05
2.524730000000000000e+05
2.524740000000000000e+05
2.524750000000000000e+05
2.524760000000000000e+05
2.524770000000000000e+05
2.524780000000000000e+05
2.524790000000000000e+05
2.524800000000000000e+05
2.524810000000000000e+05
2.524820000000000000e+05
2.524830000000000000e+05
2.524840000000000000e+05
2.524850000000000000e+05
2.524860000000000000e+05
2.524870000000000000e+05
2.524880000000000000e+05
2.524890000000000000e+05
2.524900000000000000e+05
2.524910000000000000e+05
2.524920000000000000e+05
2.524930000000000000e+05
2.524940000000000000e+05
2.524950000000000000e+05
2.524960000000000000e+05
2.524970000000000000e+05
2.524980000000000000e+05
2.524990000000000000e+05
2.525000000000000000e+05
2.525010000000000000e+05
2.525020000000000000e+05
2.525030000000000000e+05
2.525040000000000000e+05
2.525050000000000000e+05
2.525060000000000000e+05
2.525070000000000000e+05
2.525080000000000000e+05
2.525090000000000000e+05
2.525100000000000000e+05
2.525110000000000000e+05
2.525120000000000000e+05
2.525130000000000000e+05
2.525140000000000000e+05
2.525150000000000000e+05
2.525160000000000000e+05
2.525170000000000000e+05
2.525180000000000000e+05
2.525190000000000000e+05
2.525200000000000000e+05
2.525210000000000000e+05
2.525220000000000000e+05
2.525230000000000000e+05
2.525240000000000000e+05
2.525250000000000000e+05
2.525260000000000000e+05
2.525270000000000000e+05
2.525280000000000000e+05
2.525290000000000000e+05
2.525300000000000000e+05
2.525310000000000000e+05
2.525320000000000000e+05
2.525330000000000000e+05
2.525340000000000000e+05
2.525350000000000000e+05
2.525360000000000000e+05
2.525370000000000000e+05
2.525380000000000000e+05
2.525390000000000000e+05
2.525400000000000000e+05
2.525410000000000000e+05
2.525420000000000000e+05
2.525430000000000000e+05
2.525440000000000000e+05
2.525450000000000000e+05
2.525460000000000000e+05
2.525470000000000000e+05
2.525480000000000000e+05
2.525490000000000000e+05
2.525500000000000000e+05
2.525510000000000000e+05
2.525520000000000000e+05
2.525530000000000000e+05
2.525540000000000000e+05
2.525550000000000000e+05
2.525560000000000000e+05
2.525570000000000000e+05
2.525580000000000000e+05
2.525590000000000000e+05
2.525600000000000000e+05
2.525610000000000000e+05
2.525620000000000000e+05
2.525630000000000000e+05
2.525640000000000000e+05
2.525650000000000000e+05
2.525660000000000000e+05
2.525670000000000000e+05
2.525680000000000000e+05
2.525690000000000000e+05
2.525700000000000000e+05
2.525710000000000000e+05
2.525720000000000000e+05
2.525730000000000000e+05
2.525740000000000000e+05
2.525750000000000000e+05
2.525760000000000000e+05
2.525770000000000000e+05
2.525780000000000000e+05
2.525790000000000000e+05
2.525800000000000000e+05
2.525810000000000000e+05
2.525820000000000000e+05
2.525830000000000000e+05
2.525840000000000000e+05
2.525850000000000000e+05
2.525860000000000000e+05
2.525870000000000000e+05
2.525880000000000000e+05
2.525890000000000000e+05
2.525900000000000000e+05
2.525910000000000000e+05
2.525920000000000000e+05
2.525930000000000000e+05
2.525940000000000000e+05
2.525950000000000000e+05
2.525960000000000000e+05
2.525970000000000000e+05
2.525980000000000000e+05
2.525990000000000000e+05
2.526000000000000000e+05
2.526010000000000000e+05
2.526020000000000000e+05
2.526030000000000000e+05
2.526040000000000000e+05
2.526050000000000000e+05
2.526060000000000000e+05
2.526070000000000000e+05
2.526080000000000000e+05
2.526090000000000000e+05
2.526100000000000000e+05
2.526110000000000000e+05
2.526120000000000000e+05
2.526130000000000000e+05
2.526140000000000000e+05
2.526150000000000000e+05
2.526160000000000000e+05
2.526170000000000000e+05
2.526180000000000000e+05
2.526190000000000000e+05
2.526200000000000000e+05
2.526210000000000000e+05
2.526220000000000000e+05
2.526230000000000000e+05
2.526240000000000000e+05
2.526250000000000000e+05
2.526260000000000000e+05
2.526270000000000000e+05
2.526280000000000000e+05
2.526290000000000000e+05
2.526300000000000000e+05
2.526310000000000000e+05
2.526320000000000000e+05
2.526330000000000000e+05
2.526340000000000000e+05
2.526350000000000000e+05
2.526360000000000000e+05
2.526370000000000000e+05
2.526380000000000000e+05
2.526390000000000000e+05
2.526400000000000000e+05
2.526410000000000000e+05
2.526420000000000000e+05
2.526430000000000000e+05
2.526440000000000000e+05
2.526450000000000000e+05
2.526460000000000000e+05
2.526470000000000000e+05
2.526480000000000000e+05
2.526490000000000000e+05
2.526500000000000000e+05
2.526510000000000000e+05
2.526520000000000000e+05
2.526530000000000000e+05
2.526540000000000000e+05
2.526550000000000000e+05
2.526560000000000000e+05
2.526570000000000000e+05
2.526580000000000000e+05
2.526590000000000000e+05
2.526600000000000000e+05
2.526610000000000000e+05
2.526620000000000000e+05
2.526630000000000000e+05
2.526640000000000000e+05
2.526650000000000000e+05
2.526660000000000000e+05
2.526670000000000000e+05
2.526680000000000000e+05
2.526690000000000000e+05
2.526700000000000000e+05
2.526710000000000000e+05
2.526720000000000000e+05
2.526730000000000000e+05
2.526740000000000000e+05
2.526750000000000000e+05
2.526760000000000000e+05
2.526770000000000000e+05
2.526780000000000000e+05
2.526790000000000000e+05
2.526800000000000000e+05
2.526810000000000000e+05
2.526820000000000000e+05
2.526830000000000000e+05
2.526840000000000000e+05
2.526850000000000000e+05
2.526860000000000000e+05
2.526870000000000000e+05
2.526880000000000000e+05
2.526890000000000000e+05
2.526900000000000000e+05
2.526910000000000000e+05
2.526920000000000000e+05
2.526930000000000000e+05
2.526940000000000000e+05
2.526950000000000000e+05
2.526960000000000000e+05
2.526970000000000000e+05
2.526980000000000000e+05
2.526990000000000000e+05
2.527000000000000000e+05
2.527010000000000000e+05
2.527020000000000000e+05
2.527030000000000000e+05
2.527040000000000000e+05
2.527050000000000000e+05
2.527060000000000000e+05
2.527070000000000000e+05
2.527080000000000000e+05
2.527090000000000000e+05
2.527100000000000000e+05
2.527110000000000000e+05
2.527120000000000000e+05
2.527130000000000000e+05
2.527140000000000000e+05
2.527150000000000000e+05
2.527160000000000000e+05
2.527170000000000000e+05
2.527180000000000000e+05
2.527190000000000000e+05
2.527200000000000000e+05
2.527210000000000000e+05
2.527220000000000000e+05
2.527230000000000000e+05
2.527240000000000000e+05
2.527250000000000000e+05
2.527260000000000000e+05
2.527270000000000000e+05
2.527280000000000000e+05
2.527290000000000000e+05
2.527300000000000000e+05
2.527310000000000000e+05
2.527320000000000000e+05
2.527330000000000000e+05
2.527340000000000000e+05
2.527350000000000000e+05
2.527360000000000000e+05
2.527370000000000000e+05
2.527380000000000000e+05
2.527390000000000000e+05
2.527400000000000000e+05
2.527410000000000000e+05
2.527420000000000000e+05
2.527430000000000000e+05
2.527440000000000000e+05
2.527450000000000000e+05
2.527460000000000000e+05
2.527470000000000000e+05
2.527480000000000000e+05
2.527490000000000000e+05
2.527500000000000000e+05
2.527510000000000000e+05
2.527520000000000000e+05
2.527530000000000000e+05
2.527540000000000000e+05
2.527550000000000000e+05
2.527560000000000000e+05
2.527570000000000000e+05
2.527580000000000000e+05
2.527590000000000000e+05
2.527600000000000000e+05
2.527610000000000000e+05
2.527620000000000000e+05
2.527630000000000000e+05
2.527640000000000000e+05
2.527650000000000000e+05
2.527660000000000000e+05
2.527670000000000000e+05
2.527680000000000000e+05
2.527690000000000000e+05
2.527700000000000000e+05
2.527710000000000000e+05
2.527720000000000000e+05
2.527730000000000000e+05
2.527740000000000000e+05
2.527750000000000000e+05
2.527760000000000000e+05
2.527770000000000000e+05
2.527780000000000000e+05
2.527790000000000000e+05
2.527800000000000000e+05
2.527810000000000000e+05
2.527820000000000000e+05
2.527830000000000000e+05
2.527840000000000000e+05
2.527850000000000000e+05
2.527860000000000000e+05
2.527870000000000000e+05
2.527880000000000000e+05
2.527890000000000000e+05
2.527900000000000000e+05
2.527910000000000000e+05
2.527920000000000000e+05
2.527930000000000000e+05
2.527940000000000000e+05
2.527950000000000000e+05
2.527960000000000000e+05
2.527970000000000000e+05
2.527980000000000000e+05
2.527990000000000000e+05
2.528000000000000000e+05
2.528010000000000000e+05
2.528020000000000000e+05
2.528040000000000000e+05
2.528050000000000000e+05
2.528060000000000000e+05
2.528070000000000000e+05
2.528080000000000000e+05
2.528090000000000000e+05
2.528100000000000000e+05
2.528110000000000000e+05
2.528120000000000000e+05
2.528130000000000000e+05
2.528140000000000000e+05
2.528150000000000000e+05
2.528160000000000000e+05
2.528170000000000000e+05
2.528180000000000000e+05
2.528190000000000000e+05
2.528200000000000000e+05
2.528210000000000000e+05
2.528220000000000000e+05
2.528230000000000000e+05
2.528240000000000000e+05
2.528250000000000000e+05
2.528260000000000000e+05
2.528270000000000000e+05
2.528280000000000000e+05
2.528290000000000000e+05
2.528300000000000000e+05
2.528310000000000000e+05
2.528320000000000000e+05
2.528330000000000000e+05
2.528340000000000000e+05
2.528350000000000000e+05
2.528360000000000000e+05
2.528370000000000000e+05
2.528380000000000000e+05
2.528390000000000000e+05
2.528400000000000000e+05
2.528410000000000000e+05
2.528420000000000000e+05
2.528430000000000000e+05
2.528440000000000000e+05
2.528450000000000000e+05
2.528460000000000000e+05
2.528470000000000000e+05
2.528480000000000000e+05
2.528490000000000000e+05
2.528500000000000000e+05
2.528510000000000000e+05
2.528520000000000000e+05
2.528530000000000000e+05
2.528540000000000000e+05
2.528550000000000000e+05
2.528560000000000000e+05
2.528570000000000000e+05
2.528580000000000000e+05
2.528590000000000000e+05
2.528600000000000000e+05
2.528610000000000000e+05
2.528620000000000000e+05
2.528630000000000000e+05
2.528640000000000000e+05
2.528650000000000000e+05
2.528660000000000000e+05
2.528670000000000000e+05
2.528680000000000000e+05
2.528690000000000000e+05
2.528700000000000000e+05
2.528710000000000000e+05
2.528720000000000000e+05
2.528730000000000000e+05
2.528740000000000000e+05
2.528750000000000000e+05
2.528760000000000000e+05
2.528770000000000000e+05
2.528780000000000000e+05
2.528790000000000000e+05
2.528800000000000000e+05
2.528810000000000000e+05
2.528820000000000000e+05
2.528830000000000000e+05
2.528840000000000000e+05
2.528850000000000000e+05
2.528860000000000000e+05
2.528870000000000000e+05
2.528880000000000000e+05
2.528890000000000000e+05
2.528900000000000000e+05
2.528910000000000000e+05
2.528920000000000000e+05
2.528930000000000000e+05
2.528940000000000000e+05
2.528950000000000000e+05
2.528960000000000000e+05
2.528970000000000000e+05
2.528980000000000000e+05
2.528990000000000000e+05
2.529000000000000000e+05
2.529010000000000000e+05
2.529020000000000000e+05
2.529030000000000000e+05
2.529040000000000000e+05
2.529050000000000000e+05
2.529060000000000000e+05
2.529070000000000000e+05
2.529080000000000000e+05
2.529090000000000000e+05
2.529100000000000000e+05
2.529110000000000000e+05
2.529120000000000000e+05
2.529130000000000000e+05
2.529140000000000000e+05
2.529150000000000000e+05
2.529160000000000000e+05
2.529170000000000000e+05
2.529180000000000000e+05
2.529190000000000000e+05
2.529200000000000000e+05
2.529210000000000000e+05
2.529220000000000000e+05
2.529230000000000000e+05
2.529240000000000000e+05
2.529250000000000000e+05
2.529260000000000000e+05
2.529270000000000000e+05
2.529280000000000000e+05
2.529290000000000000e+05
2.529300000000000000e+05
2.529310000000000000e+05
2.529320000000000000e+05
2.529330000000000000e+05
2.529340000000000000e+05
2.529350000000000000e+05
2.529360000000000000e+05
2.529370000000000000e+05
2.529380000000000000e+05
2.529390000000000000e+05
2.529400000000000000e+05
2.529410000000000000e+05
2.529420000000000000e+05
2.529430000000000000e+05
2.529440000000000000e+05
2.529450000000000000e+05
2.529460000000000000e+05
2.529470000000000000e+05
2.529480000000000000e+05
2.529490000000000000e+05
2.529500000000000000e+05
2.529510000000000000e+05
2.529520000000000000e+05
2.529530000000000000e+05
2.529540000000000000e+05
2.529550000000000000e+05
2.529560000000000000e+05
2.529570000000000000e+05
2.529580000000000000e+05
2.529590000000000000e+05
2.529600000000000000e+05
2.529610000000000000e+05
2.529620000000000000e+05
2.529630000000000000e+05
2.529640000000000000e+05
2.529650000000000000e+05
2.529660000000000000e+05
2.529670000000000000e+05
2.529680000000000000e+05
2.529690000000000000e+05
2.529700000000000000e+05
2.529710000000000000e+05
2.529720000000000000e+05
2.529730000000000000e+05
2.529740000000000000e+05
2.529750000000000000e+05
2.529760000000000000e+05
2.529770000000000000e+05
2.529780000000000000e+05
2.529790000000000000e+05
2.529800000000000000e+05
2.529810000000000000e+05
2.529820000000000000e+05
2.529830000000000000e+05
2.529840000000000000e+05
2.529850000000000000e+05
2.529860000000000000e+05
2.529870000000000000e+05
2.529880000000000000e+05
2.529890000000000000e+05
2.529900000000000000e+05
2.529910000000000000e+05
2.529920000000000000e+05
2.529930000000000000e+05
2.529940000000000000e+05
2.529950000000000000e+05
2.529960000000000000e+05
2.529970000000000000e+05
2.529980000000000000e+05
2.529990000000000000e+05
2.530000000000000000e+05
2.530010000000000000e+05
2.530020000000000000e+05
2.530030000000000000e+05
2.530040000000000000e+05
2.530050000000000000e+05
2.530060000000000000e+05
2.530070000000000000e+05
2.530080000000000000e+05
2.530090000000000000e+05
2.530100000000000000e+05
2.530110000000000000e+05
2.530120000000000000e+05
2.530130000000000000e+05
2.530140000000000000e+05
2.530150000000000000e+05
2.530160000000000000e+05
2.530170000000000000e+05
2.530180000000000000e+05
2.530190000000000000e+05
2.530200000000000000e+05
2.530210000000000000e+05
2.530220000000000000e+05
2.530230000000000000e+05
2.530240000000000000e+05
2.530250000000000000e+05
2.530260000000000000e+05
2.530270000000000000e+05
2.530280000000000000e+05
2.530290000000000000e+05
2.530300000000000000e+05
2.530310000000000000e+05
2.530320000000000000e+05
2.530330000000000000e+05
2.530340000000000000e+05
2.530350000000000000e+05
2.530360000000000000e+05
2.530370000000000000e+05
2.530380000000000000e+05
2.530390000000000000e+05
2.530400000000000000e+05
2.530410000000000000e+05
2.530420000000000000e+05
2.530430000000000000e+05
2.530440000000000000e+05
2.530450000000000000e+05
2.530460000000000000e+05
2.530470000000000000e+05
2.530480000000000000e+05
2.530490000000000000e+05
2.530500000000000000e+05
2.530510000000000000e+05
2.530520000000000000e+05
2.530530000000000000e+05
2.530540000000000000e+05
2.530550000000000000e+05
2.530560000000000000e+05
2.530570000000000000e+05
2.530580000000000000e+05
2.530590000000000000e+05
2.530600000000000000e+05
2.530610000000000000e+05
2.530620000000000000e+05
2.530630000000000000e+05
2.530640000000000000e+05
2.530650000000000000e+05
2.530660000000000000e+05
2.530670000000000000e+05
2.530680000000000000e+05
2.530690000000000000e+05
2.530700000000000000e+05
2.530710000000000000e+05
2.530720000000000000e+05
2.530730000000000000e+05
2.530740000000000000e+05
2.530750000000000000e+05
2.530760000000000000e+05
2.530770000000000000e+05
2.530780000000000000e+05
2.530790000000000000e+05
2.530800000000000000e+05
2.530810000000000000e+05
2.530820000000000000e+05
2.530830000000000000e+05
2.530840000000000000e+05
2.530850000000000000e+05
2.530860000000000000e+05
2.530870000000000000e+05
2.530880000000000000e+05
2.530890000000000000e+05
2.530900000000000000e+05
2.530910000000000000e+05
2.530920000000000000e+05
2.530930000000000000e+05
2.530940000000000000e+05
2.530950000000000000e+05
2.530960000000000000e+05
2.530970000000000000e+05
2.530980000000000000e+05
2.530990000000000000e+05
2.531000000000000000e+05
2.531010000000000000e+05
2.531020000000000000e+05
2.531030000000000000e+05
2.531040000000000000e+05
2.531050000000000000e+05
2.531060000000000000e+05
2.531070000000000000e+05
2.531080000000000000e+05
2.531090000000000000e+05
2.531100000000000000e+05
2.531110000000000000e+05
2.531120000000000000e+05
2.531130000000000000e+05
2.531140000000000000e+05
2.531150000000000000e+05
2.531160000000000000e+05
2.531170000000000000e+05
2.531180000000000000e+05
2.531190000000000000e+05
2.531200000000000000e+05
2.531210000000000000e+05
2.531220000000000000e+05
2.531230000000000000e+05
2.531240000000000000e+05
2.531250000000000000e+05
2.531260000000000000e+05
2.531270000000000000e+05
2.531280000000000000e+05
2.531290000000000000e+05
2.531300000000000000e+05
2.531310000000000000e+05
2.531320000000000000e+05
2.531330000000000000e+05
2.531340000000000000e+05
2.531350000000000000e+05
2.531360000000000000e+05
2.531370000000000000e+05
2.531380000000000000e+05
2.531390000000000000e+05
2.531400000000000000e+05
2.531410000000000000e+05
2.531420000000000000e+05
2.531430000000000000e+05
2.531440000000000000e+05
2.531450000000000000e+05
2.531460000000000000e+05
2.531470000000000000e+05
2.531480000000000000e+05
2.531490000000000000e+05
2.531500000000000000e+05
2.531510000000000000e+05
2.531520000000000000e+05
2.531530000000000000e+05
2.531540000000000000e+05
2.531550000000000000e+05
2.531560000000000000e+05
2.531570000000000000e+05
2.531580000000000000e+05
2.531590000000000000e+05
2.531600000000000000e+05
2.531610000000000000e+05
2.531620000000000000e+05
2.531630000000000000e+05
2.531640000000000000e+05
2.531650000000000000e+05
2.531660000000000000e+05
2.531670000000000000e+05
2.531680000000000000e+05
2.531690000000000000e+05
2.531700000000000000e+05
2.531710000000000000e+05
2.531720000000000000e+05
2.531730000000000000e+05
2.531740000000000000e+05
2.531750000000000000e+05
2.531760000000000000e+05
2.531770000000000000e+05
2.531780000000000000e+05
2.531790000000000000e+05
2.531800000000000000e+05
2.531810000000000000e+05
2.531820000000000000e+05
2.531830000000000000e+05
2.531840000000000000e+05
2.531850000000000000e+05
2.531860000000000000e+05
2.531870000000000000e+05
2.531880000000000000e+05
2.531890000000000000e+05
2.531900000000000000e+05
2.531910000000000000e+05
2.531920000000000000e+05
2.531930000000000000e+05
2.531940000000000000e+05
2.531950000000000000e+05
2.531960000000000000e+05
2.531970000000000000e+05
2.531980000000000000e+05
2.531990000000000000e+05
2.532000000000000000e+05
2.532010000000000000e+05
2.532020000000000000e+05
2.532030000000000000e+05
2.532040000000000000e+05
2.532050000000000000e+05
2.532060000000000000e+05
2.532070000000000000e+05
2.532080000000000000e+05
2.532090000000000000e+05
2.532100000000000000e+05
2.532110000000000000e+05
2.532120000000000000e+05
2.532130000000000000e+05
2.532140000000000000e+05
2.532150000000000000e+05
2.532160000000000000e+05
2.532170000000000000e+05
2.532180000000000000e+05
2.532190000000000000e+05
2.532200000000000000e+05
2.532210000000000000e+05
2.532220000000000000e+05
2.532230000000000000e+05
2.532240000000000000e+05
2.532250000000000000e+05
2.532260000000000000e+05
2.532270000000000000e+05
2.532280000000000000e+05
2.532290000000000000e+05
2.532300000000000000e+05
2.532310000000000000e+05
2.532320000000000000e+05
2.532330000000000000e+05
2.532340000000000000e+05
2.532350000000000000e+05
2.532360000000000000e+05
2.532370000000000000e+05
2.532380000000000000e+05
2.532390000000000000e+05
2.532400000000000000e+05
2.532410000000000000e+05
2.532420000000000000e+05
2.532430000000000000e+05
2.532440000000000000e+05
2.532450000000000000e+05
2.532460000000000000e+05
2.532470000000000000e+05
2.532480000000000000e+05
2.532490000000000000e+05
2.532500000000000000e+05
2.532510000000000000e+05
2.532520000000000000e+05
2.532530000000000000e+05
2.532540000000000000e+05
2.532550000000000000e+05
2.532560000000000000e+05
2.532570000000000000e+05
2.532580000000000000e+05
2.532590000000000000e+05
2.532600000000000000e+05
2.532610000000000000e+05
2.532620000000000000e+05
2.532630000000000000e+05
2.532640000000000000e+05
2.532650000000000000e+05
2.532660000000000000e+05
2.532670000000000000e+05
2.532680000000000000e+05
2.532690000000000000e+05
2.532700000000000000e+05
2.532710000000000000e+05
2.532720000000000000e+05
2.532730000000000000e+05
2.532740000000000000e+05
2.532750000000000000e+05
2.532760000000000000e+05
2.532770000000000000e+05
2.532780000000000000e+05
2.532790000000000000e+05
2.532800000000000000e+05
2.532810000000000000e+05
2.532820000000000000e+05
2.532830000000000000e+05
2.532840000000000000e+05
2.532850000000000000e+05
2.532860000000000000e+05
2.532870000000000000e+05
2.532880000000000000e+05
2.532890000000000000e+05
2.532900000000000000e+05
2.532910000000000000e+05
2.532920000000000000e+05
2.532930000000000000e+05
2.532940000000000000e+05
2.532950000000000000e+05
2.532960000000000000e+05
2.532970000000000000e+05
2.532980000000000000e+05
2.532990000000000000e+05
2.533000000000000000e+05
2.533010000000000000e+05
2.533020000000000000e+05
2.533030000000000000e+05
2.533040000000000000e+05
2.533050000000000000e+05
2.533060000000000000e+05
2.533070000000000000e+05
2.533080000000000000e+05
2.533090000000000000e+05
2.533100000000000000e+05
2.533110000000000000e+05
2.533120000000000000e+05
2.533130000000000000e+05
2.533140000000000000e+05
2.533150000000000000e+05
2.533160000000000000e+05
2.533170000000000000e+05
2.533180000000000000e+05
2.533190000000000000e+05
2.533200000000000000e+05
2.533210000000000000e+05
2.533220000000000000e+05
2.533230000000000000e+05
2.533240000000000000e+05
2.533250000000000000e+05
2.533260000000000000e+05
2.533270000000000000e+05
2.533280000000000000e+05
2.533290000000000000e+05
2.533300000000000000e+05
2.533310000000000000e+05
2.533320000000000000e+05
2.533330000000000000e+05
2.533340000000000000e+05
2.533350000000000000e+05
2.533360000000000000e+05
2.533370000000000000e+05
2.533380000000000000e+05
2.533390000000000000e+05
2.533400000000000000e+05
2.533410000000000000e+05
2.533420000000000000e+05
2.533430000000000000e+05
2.533440000000000000e+05
2.533450000000000000e+05
2.533460000000000000e+05
2.533470000000000000e+05
2.533480000000000000e+05
2.533490000000000000e+05
2.533500000000000000e+05
2.533510000000000000e+05
2.533520000000000000e+05
2.533530000000000000e+05
2.533540000000000000e+05
2.533550000000000000e+05
2.533560000000000000e+05
2.533570000000000000e+05
2.533580000000000000e+05
2.533590000000000000e+05
2.533600000000000000e+05
2.533610000000000000e+05
2.533620000000000000e+05
2.533630000000000000e+05
2.533640000000000000e+05
2.533650000000000000e+05
2.533660000000000000e+05
2.533670000000000000e+05
2.533680000000000000e+05
2.533690000000000000e+05
2.533700000000000000e+05
2.533710000000000000e+05
2.533720000000000000e+05
2.533730000000000000e+05
2.533740000000000000e+05
2.533750000000000000e+05
2.533760000000000000e+05
2.533770000000000000e+05
2.533780000000000000e+05
2.533790000000000000e+05
2.533800000000000000e+05
2.533810000000000000e+05
2.533820000000000000e+05
2.533830000000000000e+05
2.533840000000000000e+05
2.533850000000000000e+05
2.533860000000000000e+05
2.533870000000000000e+05
2.533880000000000000e+05
2.533890000000000000e+05
2.533900000000000000e+05
2.533910000000000000e+05
2.533920000000000000e+05
2.533930000000000000e+05
2.533940000000000000e+05
2.533950000000000000e+05
2.533960000000000000e+05
2.533970000000000000e+05
2.533980000000000000e+05
2.533990000000000000e+05
2.534000000000000000e+05
2.534010000000000000e+05
2.534020000000000000e+05
2.534030000000000000e+05
2.534040000000000000e+05
2.534050000000000000e+05
2.534060000000000000e+05
2.534070000000000000e+05
2.534080000000000000e+05
2.534090000000000000e+05
2.534100000000000000e+05
2.534110000000000000e+05
2.534120000000000000e+05
2.534130000000000000e+05
2.534140000000000000e+05
2.534150000000000000e+05
2.534160000000000000e+05
2.534170000000000000e+05
2.534180000000000000e+05
2.534190000000000000e+05
2.534200000000000000e+05
2.534210000000000000e+05
2.534220000000000000e+05
2.534230000000000000e+05
2.534240000000000000e+05
2.534250000000000000e+05
2.534260000000000000e+05
2.534270000000000000e+05
2.534280000000000000e+05
2.534290000000000000e+05
2.534300000000000000e+05
2.534310000000000000e+05
2.534320000000000000e+05
2.534330000000000000e+05
2.534340000000000000e+05
2.534350000000000000e+05
2.534360000000000000e+05
2.534370000000000000e+05
2.534380000000000000e+05
2.534390000000000000e+05
2.534400000000000000e+05
2.534410000000000000e+05
2.534420000000000000e+05
2.534430000000000000e+05
2.534440000000000000e+05
2.534450000000000000e+05
2.534460000000000000e+05
2.534470000000000000e+05
2.534480000000000000e+05
2.534490000000000000e+05
2.534500000000000000e+05
2.534510000000000000e+05
2.534520000000000000e+05
2.534530000000000000e+05
2.534540000000000000e+05
2.534550000000000000e+05
2.534560000000000000e+05
2.534570000000000000e+05
2.534580000000000000e+05
2.534590000000000000e+05
2.534600000000000000e+05
2.534610000000000000e+05
2.534620000000000000e+05
2.534630000000000000e+05
2.534640000000000000e+05
2.534650000000000000e+05
2.534660000000000000e+05
2.534670000000000000e+05
2.534680000000000000e+05
2.534690000000000000e+05
2.534700000000000000e+05
2.534710000000000000e+05
2.534720000000000000e+05
2.534730000000000000e+05
2.534740000000000000e+05
2.534750000000000000e+05
2.534760000000000000e+05
2.534770000000000000e+05
2.534780000000000000e+05
2.534790000000000000e+05
2.534800000000000000e+05
2.534810000000000000e+05
2.534820000000000000e+05
2.534830000000000000e+05
2.534840000000000000e+05
2.534850000000000000e+05
2.534860000000000000e+05
2.534870000000000000e+05
2.534880000000000000e+05
2.534890000000000000e+05
2.534900000000000000e+05
2.534910000000000000e+05
2.534920000000000000e+05
2.534930000000000000e+05
2.534940000000000000e+05
2.534950000000000000e+05
2.534960000000000000e+05
2.534970000000000000e+05
2.534980000000000000e+05
2.534990000000000000e+05
2.535000000000000000e+05
2.535010000000000000e+05
2.535020000000000000e+05
2.535030000000000000e+05
2.535040000000000000e+05
2.535050000000000000e+05
2.535060000000000000e+05
2.535070000000000000e+05
2.535080000000000000e+05
2.535090000000000000e+05
2.535100000000000000e+05
2.535110000000000000e+05
2.535120000000000000e+05
2.535130000000000000e+05
2.535140000000000000e+05
2.535150000000000000e+05
2.535160000000000000e+05
2.535170000000000000e+05
2.535180000000000000e+05
2.535190000000000000e+05
2.535200000000000000e+05
2.535210000000000000e+05
2.535220000000000000e+05
2.535230000000000000e+05
2.535240000000000000e+05
2.535250000000000000e+05
2.535260000000000000e+05
2.535270000000000000e+05
2.535280000000000000e+05
2.535290000000000000e+05
2.535300000000000000e+05
2.535310000000000000e+05
2.535320000000000000e+05
2.535330000000000000e+05
2.535340000000000000e+05
2.535350000000000000e+05
2.535360000000000000e+05
2.535370000000000000e+05
2.535380000000000000e+05
2.535390000000000000e+05
2.535400000000000000e+05
2.535410000000000000e+05
2.535420000000000000e+05
2.535430000000000000e+05
2.535440000000000000e+05
2.535450000000000000e+05
2.535460000000000000e+05
2.535470000000000000e+05
2.535480000000000000e+05
2.535490000000000000e+05
2.535500000000000000e+05
2.535510000000000000e+05
2.535520000000000000e+05
2.535530000000000000e+05
2.535540000000000000e+05
2.535550000000000000e+05
2.535560000000000000e+05
2.535570000000000000e+05
2.535580000000000000e+05
2.535590000000000000e+05
2.535600000000000000e+05
2.535610000000000000e+05
2.535620000000000000e+05
2.535630000000000000e+05
2.535640000000000000e+05
2.535650000000000000e+05
2.535660000000000000e+05
2.535670000000000000e+05
2.535680000000000000e+05
2.535690000000000000e+05
2.535700000000000000e+05
2.535710000000000000e+05
2.535720000000000000e+05
2.535730000000000000e+05
2.535740000000000000e+05
2.535750000000000000e+05
2.535760000000000000e+05
2.535770000000000000e+05
2.535780000000000000e+05
2.535790000000000000e+05
2.535800000000000000e+05
2.535810000000000000e+05
2.535820000000000000e+05
2.535830000000000000e+05
2.535840000000000000e+05
2.535850000000000000e+05
2.535860000000000000e+05
2.535870000000000000e+05
2.535880000000000000e+05
2.535890000000000000e+05
2.535900000000000000e+05
2.535910000000000000e+05
2.535920000000000000e+05
2.535930000000000000e+05
2.535940000000000000e+05
2.535950000000000000e+05
2.535960000000000000e+05
2.535970000000000000e+05
2.535980000000000000e+05
2.535990000000000000e+05
2.536000000000000000e+05
2.536010000000000000e+05
2.536020000000000000e+05
2.536030000000000000e+05
2.536040000000000000e+05
2.536050000000000000e+05
2.536060000000000000e+05
2.536070000000000000e+05
2.536080000000000000e+05
2.536090000000000000e+05
2.536100000000000000e+05
2.536110000000000000e+05
2.536120000000000000e+05
2.536130000000000000e+05
2.536140000000000000e+05
2.536150000000000000e+05
2.536160000000000000e+05
2.536170000000000000e+05
2.536180000000000000e+05
2.536190000000000000e+05
2.536200000000000000e+05
2.536210000000000000e+05
2.536220000000000000e+05
2.536230000000000000e+05
2.536240000000000000e+05
2.536250000000000000e+05
2.536260000000000000e+05
2.536270000000000000e+05
2.536280000000000000e+05
2.536290000000000000e+05
2.536300000000000000e+05
2.536310000000000000e+05
2.536320000000000000e+05
2.536330000000000000e+05
2.536340000000000000e+05
2.536350000000000000e+05
2.536360000000000000e+05
2.536370000000000000e+05
2.536380000000000000e+05
2.536390000000000000e+05
2.536400000000000000e+05
2.536410000000000000e+05
2.536420000000000000e+05
2.536430000000000000e+05
2.536440000000000000e+05
2.536450000000000000e+05
2.536460000000000000e+05
2.536470000000000000e+05
2.536480000000000000e+05
2.536490000000000000e+05
2.536500000000000000e+05
2.536510000000000000e+05
2.536520000000000000e+05
2.536530000000000000e+05
2.536540000000000000e+05
2.536550000000000000e+05
2.536560000000000000e+05
2.536570000000000000e+05
2.536580000000000000e+05
2.536590000000000000e+05
2.536600000000000000e+05
2.536610000000000000e+05
2.536620000000000000e+05
2.536630000000000000e+05
2.536640000000000000e+05
2.536650000000000000e+05
2.536660000000000000e+05
2.536670000000000000e+05
2.536680000000000000e+05
2.536690000000000000e+05
2.536700000000000000e+05
2.536710000000000000e+05
2.536720000000000000e+05
2.536730000000000000e+05
2.536740000000000000e+05
2.536750000000000000e+05
2.536760000000000000e+05
2.536770000000000000e+05
2.536780000000000000e+05
2.536790000000000000e+05
